,날짜,경기타입,홈경기,상대,승패,결과,타순,Pos.,GS,ePA,AB,R,H,2B,3B,HR,TB,RBI,SB,CS,BB,HP,IB,SO,GDP,SH,SF,AVG,OBP,SLG,OPS,NP,avLI,RE24,WPA,trade_team
0,2013-09-05,SS,1,넥센,패배, 2:1,7,11,0,1,1,0,0,0,0,0,0,0,0,0,0,0,0,0,0,0,0,0.0,0.0,0.0,0.0,5,1.81,-0.11,-0.047,
1,2013-09-08,SS,0,SK,패배, 6:10,8,11,0,1,1,1,1,1,0,0,2,0,0,0,0,0,0,0,0,0,0,0.5,0.5,1.0,1.5,3,0.03,0.69,0.002,
2,2013-09-12,SS,1,한화,패배, 8:5,9,11,0,1,0,0,0,0,0,0,0,0,0,0,1,0,0,0,0,0,0,0.5,0.667,1.0,1.667,8,0.91,0.4,0.046,
3,2017-06-08,SS,1,롯데,승리, 0:16,5,5,0,1,1,2,1,1,0,0,2,0,0,0,0,0,0,0,0,0,0,1.0,1.0,2.0,3.0,6,0.0,0.55,0.0,
4,2017-06-09,SS,1,KT,승리, 5:6,9,11,0,1,1,0,1,0,0,0,1,0,0,0,0,0,0,0,0,0,0,1.0,1.0,1.5,2.5,5,1.38,-0.12,-0.035,
5,2017-06-10,SS,1,KT,승리, 1:4,2,11,0,1,0,0,0,0,0,0,0,0,0,0,1,0,0,0,0,0,0,1.0,1.0,1.5,2.5,5,3.12,0.55,0.091,
6,2017-06-11,SS,1,KT,승리, 0:5,6,11,0,1,1,0,1,0,0,0,1,0,0,0,0,0,0,0,0,0,0,1.0,1.0,1.333,2.333,4,0.01,0.13,0.0,
7,2017-06-13,SS,0,넥센,승리, 14:5,4,5,0,1,1,0,0,0,0,0,0,0,0,0,0,0,0,0,0,0,0,0.75,0.8,1.0,1.8,4,0.0,-0.4,0.0,
8,2017-06-14,SS,0,넥센,패배, 4:8,1,8,0,1,1,0,1,0,0,0,1,1,0,0,0,0,0,0,0,0,0,0.8,0.833,1.0,1.833,1,1.42,1.0,0.056,
9,2017-06-16,SS,0,두산,승리, 11:5,1,10,0,1,0,0,0,0,0,0,0,0,0,0,0,1,0,0,0,0,0,0.8,0.857,1.0,1.857,5,0.01,0.43,0.0,
10,2017-06-17,SS,0,두산,패배, 4:14,4,5,0,0,0,0,0,0,0,0,0,0,0,0,0,0,0,0,0,0,0,0.8,0.857,1.0,1.857,0,,,,
11,2017-06-18,SS,0,두산,패배, 11:13,9,11,0,1,1,0,0,0,0,0,0,0,0,0,0,0,0,1,0,0,0,0.667,0.75,0.833,1.583,4,2.09,-0.38,-0.05,
12,2017-06-20,SS,0,SK,패배, 1:7,4,3,0,3,3,0,1,0,0,0,1,0,0,0,0,0,0,1,0,0,0,0.556,0.636,0.667,1.303,10,0.27,-0.39,-0.015,
13,2017-06-22,SS,0,SK,패배, 6:13,1,5,0,3,3,0,0,0,0,0,0,0,0,0,0,0,0,0,0,0,0,0.417,0.5,0.5,1.0,8,0.02,-0.92,-0.001,
14,2017-07-13,SS,0,KIA,패배, 1:7,6,11,0,1,1,0,0,0,0,0,0,0,0,0,0,0,0,0,0,0,0,0.385,0.467,0.462,0.929,8,0.0,-0.12,0.0,
15,2017-07-19,SS,0,한화,승리, 13:9,7,11,0,1,0,0,0,0,0,0,0,0,0,0,1,0,0,0,0,0,0,0.385,0.5,0.462,0.962,4,0.01,0.14,0.0,
16,2017-08-16,SS,0,KIA,패배, 3:4,9,11,0,1,1,0,0,0,0,0,0,0,0,0,0,0,0,0,0,0,0,0.357,0.471,0.429,0.9,4,4.05,-0.48,-0.113,
17,2017-08-17,SS,1,한화,승리, 1:3,9,11,0,1,1,0,1,1,0,0,2,0,0,0,0,0,0,0,0,0,0,0.4,0.5,0.533,1.033,4,1.39,0.55,0.091,
18,2017-08-18,SS,1,한화,패배, 14:9,7,8,0,1,1,0,1,1,0,0,2,3,0,0,0,0,0,0,0,0,0,0.438,0.526,0.625,1.151,1,0.5,2.6,0.043,
19,2017-08-19,SS,0,넥센,패배, 3:4,3,8,0,2,2,0,0,0,0,0,0,0,0,0,0,0,0,0,0,0,0,0.389,0.476,0.556,1.032,10,3.98,-1.05,-0.205,
20,2017-08-23,SS,0,LG,패배, 3:9,4,8,0,1,1,0,0,0,0,0,0,0,0,0,0,0,0,0,0,0,0,0.368,0.455,0.526,0.981,2,0.01,-0.12,0.0,
21,2017-09-03,SS,1,LG,승리, 0:5,5,10,0,1,1,0,0,0,0,0,0,0,0,0,0,0,0,0,1,0,0,0.35,0.435,0.5,0.935,5,0.09,-1.4,-0.005,
22,2017-09-05,SS,0,삼성,패배, 3:9,9,11,0,1,1,0,0,0,0,0,0,0,0,0,0,0,0,1,0,0,0,0.333,0.417,0.476,0.893,4,0.03,-0.21,-0.001,
23,2017-09-07,SS,1,SK,승리, 3:4,5,10,0,1,0,0,0,0,0,0,0,0,0,0,1,0,0,0,0,0,0,0.333,0.44,0.476,0.916,4,1.01,0.28,0.014,
24,2017-09-09,SS,0,한화,패배, 3:6,7,11,0,1,1,0,0,0,0,0,0,0,0,0,0,0,0,0,0,0,0,0.318,0.423,0.455,0.878,5,1.53,-0.4,-0.035,
25,2017-09-10,SS,0,한화,승리, 11:5,6,10,0,1,1,2,1,0,0,1,4,1,0,0,0,0,0,0,0,0,0,0.348,0.444,0.609,1.053,2,0.02,1.0,0.004,
26,2017-09-12,SS,1,두산,패배, 14:13,6,11,0,1,0,0,0,0,0,0,0,0,0,0,1,0,0,0,0,0,0,0.348,0.464,0.609,1.073,5,3.47,0.43,0.134,
27,2017-09-13,SS,1,두산,패배, 13:3,9,11,0,1,1,0,0,0,0,0,0,0,0,0,0,0,0,1,0,0,0,0.333,0.448,0.583,1.031,3,1.84,-0.85,-0.064,
28,2017-09-14,SS,1,삼성,패배, 11:11,3,11,0,1,1,0,0,0,0,0,0,0,0,0,0,0,0,0,0,0,0,0.32,0.433,0.56,0.993,4,1.8,-0.21,-0.045,
29,2017-09-15,SS,1,삼성,패배, 11:3,6,10,0,1,1,1,0,0,0,0,0,0,0,0,0,0,0,0,0,0,0,0.308,0.419,0.538,0.957,4,0.06,0.53,0.001,
30,2017-09-17,SS,1,넥센,패배, 14:6,2,11,0,1,1,0,0,0,0,0,0,0,0,0,0,0,0,0,0,0,0,0.296,0.406,0.519,0.925,8,0.01,-0.21,0.0,
31,2018-03-31,SS,0,롯데,승리, 10:5,7,7,0,1,1,0,1,0,0,0,1,0,0,0,0,0,0,0,0,0,0,1.0,1.0,1.0,2.0,3,0.08,0.52,0.003,
32,2018-04-01,SS,0,롯데,패배, 2:3,9,11,0,1,1,0,0,0,0,0,0,0,0,0,0,0,0,0,0,0,0,0.5,0.5,0.5,1.0,3,1.41,-0.12,-0.036,
33,2018-04-04,SS,1,삼성,승리, 1:4,4,10,0,0,0,0,0,0,0,0,0,0,0,0,0,0,0,0,0,0,0,0.5,0.5,0.5,1.0,0,,,,
34,2018-04-05,SS,1,삼성,패배, 4:1,7,7,1,4,4,0,1,0,0,0,1,0,0,0,0,0,0,1,0,0,0,0.333,0.333,0.333,0.666,12,1.19,-0.76,-0.061,
35,2018-04-07,SS,0,두산,패배, 3:6,6,7,0,0,0,0,0,0,0,0,0,0,0,0,0,0,0,0,0,0,0,0.333,0.333,0.333,0.666,0,,,,
36,2018-04-08,SS,0,두산,패배, 10:11,9,2,0,1,1,1,1,0,0,0,1,0,0,0,0,0,0,0,0,0,0,0.429,0.429,0.429,0.858,4,0.75,0.44,0.038,
37,2018-04-10,SS,1,KT,패배, 5:4,8,11,0,1,1,0,0,0,0,0,0,0,0,0,0,0,0,1,0,0,0,0.375,0.375,0.375,0.75,5,2.63,-0.22,-0.065,
38,2018-04-11,SS,1,KT,패배, 12:4,7,7,1,3,3,0,1,0,0,0,1,0,0,0,0,0,0,0,1,1,0,0.364,0.364,0.364,0.728,11,0.66,-0.62,-0.015,
39,2018-04-12,SS,1,KT,패배, 7:2,7,7,1,4,4,0,0,0,0,0,0,0,0,0,0,0,0,1,1,0,0,0.267,0.267,0.267,0.534,18,1.01,-0.81,-0.156,
40,2018-04-13,SS,0,SK,패배, 2:4,9,7,0,2,2,1,1,1,0,0,2,0,0,0,0,0,0,0,0,0,0,0.294,0.294,0.353,0.647,7,0.76,0.24,-0.017,
41,2018-04-14,SS,0,SK,패배, 0:7,8,7,1,3,2,0,0,0,0,0,0,0,0,0,1,0,0,0,0,0,0,0.263,0.3,0.316,0.616,13,0.32,1.07,-0.02,
42,2018-04-15,SS,0,SK,패배, 2:3,8,7,1,4,4,0,1,0,0,0,1,0,0,0,0,0,0,1,0,0,0,0.261,0.292,0.304,0.596,7,1.58,-0.96,-0.149,
43,2018-04-19,SS,0,넥센,패배, 3:6,2,7,0,1,1,0,0,0,0,0,0,0,0,0,0,0,0,1,0,0,0,0.25,0.28,0.292,0.572,6,0.35,-0.41,-0.008,
44,2018-04-20,SS,1,LG,패배, 9:4,2,7,0,1,1,1,1,0,0,0,1,0,0,0,0,0,0,0,0,0,0,0.28,0.308,0.32,0.628,1,0.09,0.52,0.004,
45,2018-04-21,SS,1,LG,패배, 6:3,2,11,0,1,1,0,0,0,0,0,0,0,0,0,0,0,0,0,0,0,0,0.269,0.296,0.308,0.604,2,0.56,-0.38,-0.016,
46,2018-04-22,SS,1,LG,패배, 5:4,7,7,1,2,1,1,0,0,0,0,0,0,0,0,1,0,0,0,0,1,0,0.259,0.31,0.296,0.606,8,0.97,-0.31,-0.03,
47,2018-04-24,SS,0,삼성,패배, 2:7,3,9,0,1,1,0,0,0,0,0,0,0,0,0,0,0,0,1,0,0,0,0.25,0.3,0.286,0.586,5,0.16,-0.28,-0.004,
48,2018-04-26,SS,0,삼성,승리, 5:2,2,7,0,1,1,0,0,0,0,0,0,0,0,0,0,0,0,0,0,0,0,0.241,0.29,0.276,0.566,6,0.02,-0.29,-0.001,
49,2018-04-27,SS,1,두산,패배, 6:2,9,11,0,1,1,0,0,0,0,0,0,0,0,0,0,0,0,1,0,0,0,0.233,0.281,0.267,0.548,3,0.53,-0.49,-0.015,
50,2018-04-29,SS,1,두산,패배, 7:1,8,11,0,1,1,0,0,0,0,0,0,0,0,0,0,0,0,0,1,0,0,0.226,0.273,0.258,0.531,2,0.09,-0.66,-0.003,
51,2018-05-01,SS,1,넥센,패배, 13:4,3,9,0,1,1,0,0,0,0,0,0,0,0,0,0,0,0,0,0,0,0,0.219,0.265,0.25,0.515,4,0.01,-0.19,0.0,
52,2018-05-13,SS,0,한화,패배, 0:4,7,7,0,1,1,0,0,0,0,0,0,0,0,0,0,0,0,1,0,0,0,0.212,0.257,0.242,0.499,9,0.49,-0.28,-0.013,
53,2018-05-17,SS,1,롯데,패배, 7:0,3,9,0,1,0,0,0,0,0,0,0,0,0,0,1,0,0,0,0,0,0,0.212,0.278,0.242,0.52,6,0.01,0.19,0.001,
54,2018-05-18,SS,0,KT,승리, 6:1,2,7,0,1,1,0,0,0,0,0,0,0,0,0,0,0,0,0,0,0,0,0.206,0.27,0.235,0.505,3,0.1,-0.41,-0.002,
55,2018-05-19,SS,0,KT,패배, 2:3,5,2,0,0,0,0,0,0,0,0,0,0,0,0,0,0,0,0,0,0,0,0.206,0.27,0.235,0.505,0,,,,
56,2018-05-20,SS,0,KT,패배, 3:18,4,9,0,0,0,0,0,0,0,0,0,0,0,0,0,0,0,0,0,0,0,0.206,0.27,0.235,0.505,0,,,,
57,2018-06-01,SS,1,삼성,패배, 5:3,6,8,1,4,3,0,1,1,0,0,2,1,0,0,0,0,0,0,0,0,1,0.216,0.268,0.27,0.538,17,1.26,-0.22,-0.087,
58,2018-06-02,SS,1,삼성,패배, 6:4,2,8,1,5,5,0,1,0,0,0,1,0,0,0,0,0,0,0,0,0,0,0.214,0.261,0.262,0.523,17,1.24,-1.3,-0.126,
59,2018-06-03,SS,1,삼성,패배, 8:7,2,8,1,2,2,0,0,0,0,0,0,0,0,0,0,0,0,0,0,0,0,0.205,0.25,0.25,0.5,10,0.96,-0.61,-0.052,
60,2018-06-05,SS,1,롯데,패배, 12:6,8,11,0,1,1,0,1,1,0,0,2,0,0,0,0,0,0,0,0,0,0,0.222,0.265,0.289,0.554,2,0.09,0.7,0.005,
61,2018-06-06,SS,1,롯데,패배, 10:5,9,11,0,1,1,0,0,0,0,0,0,0,0,0,0,0,0,1,0,0,0,0.217,0.26,0.283,0.543,4,0.75,-0.73,-0.018,
62,2018-06-17,SS,1,KT,패배, 5:4,6,10,0,1,1,0,0,0,0,0,0,0,0,0,0,0,0,1,0,0,0,0.213,0.255,0.277,0.532,7,3.89,0.32,-0.114,
63,2018-06-23,SS,1,한화,패배, 8:1,6,7,0,1,1,0,0,0,0,0,0,0,0,0,0,0,0,1,0,0,0,0.208,0.25,0.271,0.521,6,0.02,-0.22,0.0,
64,2018-06-24,SS,1,한화,패배, 5:3,7,7,1,3,3,0,2,0,0,0,2,0,0,0,0,0,0,1,0,0,0,0.235,0.273,0.294,0.567,12,0.96,0.53,0.034,
65,2018-06-26,SS,1,두산,승리, 4:5,6,7,0,2,2,0,1,0,0,0,1,0,0,0,0,0,0,0,0,0,0,0.245,0.281,0.302,0.583,5,0.96,-0.02,-0.019,
66,2018-06-27,SS,1,두산,패배, 6:3,7,7,1,4,4,0,1,0,0,0,1,0,0,0,0,0,0,1,0,0,0,0.246,0.279,0.298,0.577,15,0.63,-0.31,-0.024,
67,2018-06-28,SS,1,두산,패배, 9:0,1,11,0,1,1,0,0,0,0,0,0,0,0,0,0,0,0,1,0,0,0,0.241,0.274,0.293,0.567,5,0.01,-0.29,-0.001,
68,2018-06-29,SS,0,KT,패배, 3:7,9,7,0,2,2,1,1,0,0,0,1,0,0,0,0,0,0,0,0,0,0,0.25,0.281,0.3,0.581,5,0.65,0.07,0.031,
69,2018-06-30,SS,0,KT,패배, 0:1,7,7,0,1,1,0,0,0,0,0,0,0,0,0,0,0,0,1,0,0,0,0.246,0.277,0.295,0.572,4,1.45,-0.28,-0.037,
70,2018-07-17,SS,0,SK,패배, 4:10,6,10,0,1,1,0,0,0,0,0,0,0,0,0,0,0,0,0,0,0,0,0.242,0.273,0.29,0.563,8,0.88,-0.28,-0.022,
71,2018-07-18,SS,0,SK,승리, 4:3,7,7,0,1,1,0,0,0,0,0,0,0,0,0,0,0,0,1,0,0,0,0.238,0.269,0.286,0.555,6,0.5,-0.22,-0.012,
72,2018-07-19,SS,0,SK,패배, 0:3,7,7,1,3,3,0,1,0,0,0,1,0,0,0,0,0,0,0,0,0,0,0.242,0.271,0.288,0.559,10,0.7,0.1,0.024,
73,2018-07-21,SS,1,넥센,패배, 6:3,3,9,0,1,1,0,0,0,0,0,0,0,0,0,0,0,0,1,0,0,0,0.239,0.268,0.284,0.552,4,0.5,-0.22,-0.013,
74,2018-07-24,SS,0,롯데,승리, 3:2,9,12,0,0,0,0,0,0,0,0,0,0,0,0,0,0,0,0,0,0,0,0.239,0.268,0.284,0.552,0,,,,
75,2018-07-26,SS,0,롯데,패배, 1:13,5,9,0,2,1,0,0,0,0,0,0,0,0,0,1,0,0,0,0,0,0,0.235,0.274,0.279,0.553,9,0.06,-0.09,0.003,
76,2019-03-26,SS,1,KT,승리, 8:9,3,11,0,1,1,0,0,0,0,0,0,0,0,0,0,0,0,0,0,0,0,0.0,0.0,0.0,0.0,3,3.47,-0.26,-0.088,
77,2019-03-27,SS,1,KT,승리, 1:4,7,9,1,3,3,1,1,0,0,0,1,0,0,0,0,0,0,2,0,0,0,0.25,0.25,0.25,0.5,11,0.57,0.03,0.021,
78,2019-03-29,SS,0,한화,패배, 0:9,4,9,0,1,1,0,0,0,0,0,0,0,0,0,0,0,0,0,0,0,0,0.2,0.2,0.2,0.4,7,0.08,-0.53,-0.002,
79,2019-03-30,SS,0,한화,패배, 5:13,2,9,1,5,4,2,1,0,0,0,1,0,0,0,0,1,0,3,0,0,0,0.222,0.3,0.222,0.522,22,0.63,-0.55,0.028,
80,2019-04-03,SS,1,키움,승리, 1:9,5,7,0,1,1,0,1,0,0,0,1,0,0,0,0,0,0,0,0,0,0,0.3,0.364,0.3,0.664,5,0.01,0.5,0.0,
81,2019-04-07,SS,0,두산,승리, 5:3,7,9,1,4,4,0,1,0,0,0,1,0,0,1,0,0,0,1,1,0,0,0.286,0.333,0.286,0.619,17,0.67,-0.8,-0.054,
82,2019-04-10,SS,0,KIA,패배, 1:2,6,7,0,1,1,0,0,0,0,0,0,0,0,0,0,0,0,0,1,0,0,0.267,0.313,0.267,0.58,1,3.44,-0.86,-0.185,
83,2019-05-05,SS,1,KIA,승리, 3:10,9,9,0,1,1,0,0,0,0,0,0,0,0,0,0,0,0,0,0,0,0,0.25,0.294,0.25,0.544,2,0.01,-0.33,0.0,
84,2019-05-10,SS,1,두산,승리, 11:12,8,7,1,4,4,2,2,0,0,1,5,3,0,0,0,0,0,1,0,0,0,0.3,0.333,0.45,0.783,12,0.67,1.94,0.214,
85,2019-05-11,SS,1,두산,패배, 12:0,6,10,1,2,2,0,0,0,0,0,0,0,0,0,0,0,0,1,1,0,0,0.273,0.304,0.409,0.713,8,1.26,-1.12,-0.1,
86,2019-05-12,SS,1,두산,패배, 3:2,2,7,0,1,1,0,0,0,0,0,0,0,0,0,0,0,0,0,0,0,0,0.261,0.292,0.391,0.683,4,1.82,-0.34,-0.052,
87,2019-05-16,SS,1,SK,승리, 2:5,9,9,1,3,3,1,1,0,0,0,1,1,1,0,0,0,0,0,0,0,0,0.269,0.296,0.385,0.681,11,2.11,0.9,0.253,
88,2019-05-17,SS,0,LG,승리, 13:2,7,9,1,5,5,1,3,3,0,0,6,4,0,0,0,0,0,0,0,0,0,0.323,0.344,0.516,0.86,16,0.64,3.87,0.21,
89,2019-05-18,SS,0,LG,승리, 9:3,6,7,1,3,3,0,0,0,0,0,0,0,0,0,0,0,0,0,0,0,0,0.294,0.314,0.471,0.785,9,1.76,0.02,0.01,
90,2019-05-21,SS,0,키움,승리, 3:1,6,10,1,4,4,0,0,0,0,0,0,0,0,0,0,0,0,1,0,0,0,0.263,0.282,0.421,0.703,14,0.82,-1.36,-0.061,
91,2019-05-22,SS,0,키움,패배, 2:4,7,7,0,1,1,0,0,0,0,0,0,0,0,0,0,0,0,1,0,0,0,0.256,0.275,0.41,0.685,6,1.31,-0.5,-0.03,
92,2019-05-23,SS,0,키움,승리, 4:2,7,7,1,5,4,1,2,0,1,0,4,1,0,0,0,1,0,1,0,0,0,0.279,0.311,0.465,0.776,14,0.96,1.78,0.251,
93,2019-05-24,SS,1,SK,패배, 4:2,7,10,1,4,4,0,0,0,0,0,0,0,0,0,0,0,0,1,0,0,0,0.255,0.286,0.426,0.712,21,1.07,-0.73,-0.114,
94,2019-05-25,SS,1,SK,승리, 7:10,8,7,1,4,4,1,2,0,0,0,2,1,0,0,0,0,0,0,1,0,0,0.275,0.302,0.431,0.733,7,0.74,-0.4,0.085,
95,2019-05-26,SS,1,SK,패배, 2:1,4,10,0,1,1,0,0,0,0,0,0,0,0,0,0,0,0,0,0,0,0,0.269,0.296,0.423,0.719,2,2.93,1.07,0.291,
96,2019-05-28,SS,1,롯데,패배, 9:4,5,11,0,1,1,0,0,0,0,0,0,0,0,0,0,0,0,1,0,0,0,0.264,0.291,0.415,0.706,4,1.94,-0.44,-0.05,
97,2019-05-29,SS,1,롯데,승리, 6:8,9,7,1,3,1,0,0,0,0,0,0,0,0,0,2,0,0,0,0,0,0,0.259,0.31,0.407,0.717,21,0.68,-0.01,-0.046,
98,2019-05-30,SS,1,롯데,패배, 10:2,9,11,0,1,1,0,0,0,0,0,0,0,0,0,0,0,0,1,0,0,0,0.255,0.305,0.4,0.705,6,0.0,-0.1,0.0,
99,2019-05-31,SS,0,LG,패배, 2:3,8,7,1,4,4,0,1,0,0,0,1,0,0,0,0,0,0,0,0,0,0,0.254,0.302,0.39,0.692,21,1.3,-0.51,-0.103,
100,2019-06-01,SS,0,LG,패배, 1:5,8,9,1,3,3,0,0,0,0,0,0,0,0,0,0,0,0,0,0,0,0,0.242,0.288,0.371,0.659,5,0.85,-0.64,-0.053,
101,2019-06-06,SS,0,삼성,패배, 0:6,7,7,1,3,3,0,1,0,0,0,1,0,0,0,0,0,0,1,0,0,0,0.246,0.29,0.369,0.659,7,0.62,0.06,0.011,
102,2019-06-12,SS,1,키움,패배, 5:4,8,7,1,3,3,0,0,0,0,0,0,0,0,0,0,0,0,0,0,0,0,0.235,0.278,0.353,0.631,7,0.65,-0.99,-0.053,
103,2019-07-11,SS,0,롯데,승리, 4:0,6,10,0,0,0,0,0,0,0,0,0,0,0,0,0,0,0,0,0,0,0,0.235,0.278,0.353,0.631,0,,,,
104,2019-07-13,SS,1,KT,패배, 13:3,9,7,0,1,1,0,1,0,0,0,1,0,0,0,0,0,0,0,0,0,0,0.246,0.288,0.362,0.65,7,0.02,0.1,0.001,
105,2019-07-16,SS,0,한화,승리, 3:2,6,10,0,2,2,0,1,0,0,0,1,0,0,0,0,0,0,0,0,0,0,0.254,0.293,0.366,0.659,4,1.79,-0.19,-0.045,
106,2019-07-17,SS,0,한화,승리, 14:1,6,9,1,6,5,1,2,0,0,0,2,0,0,0,0,1,0,1,0,0,0,0.263,0.309,0.368,0.677,21,0.2,0.57,-0.025,
107,2019-07-18,SS,0,한화,승리, 7:4,7,7,1,4,3,0,0,0,0,0,0,0,0,0,1,0,0,0,0,0,0,0.253,0.306,0.354,0.66,10,1.56,-0.49,-0.03,
108,2019-07-26,SS,0,키움,패배, 4:5,8,11,0,1,1,0,0,0,0,0,0,0,1,0,0,0,0,0,0,0,0,0.25,0.302,0.35,0.652,1,1.13,-0.29,-0.034,
109,2019-07-27,SS,0,키움,패배, 1:4,2,11,0,1,1,0,1,0,0,0,1,0,0,0,0,0,0,0,0,0,0,0.259,0.31,0.358,0.668,3,0.75,0.44,0.038,
110,2019-07-28,SS,0,키움,승리, 11:0,6,9,1,5,5,1,2,1,0,1,6,4,0,0,0,0,0,0,2,0,0,0.267,0.315,0.407,0.722,18,0.69,1.47,0.304,
111,2019-07-30,SS,1,두산,패배, 9:1,6,7,1,3,3,0,0,0,0,0,0,0,0,0,0,0,0,2,0,0,0,0.258,0.305,0.393,0.698,13,1.1,-0.93,-0.086,
112,2019-08-01,SS,1,두산,패배, 3:2,7,11,0,1,1,0,0,0,0,0,0,0,0,0,0,0,0,1,0,0,0,0.256,0.302,0.389,0.691,6,7.23,-0.53,-0.2,
113,2019-08-04,SS,0,KIA,패배, 0:1,6,7,1,3,3,0,0,0,0,0,0,0,0,0,0,0,0,0,0,0,0,0.247,0.293,0.376,0.669,6,1.24,-0.58,-0.094,
114,2019-09-03,SS,0,SK,패배, 1:8,1,7,0,1,1,0,0,0,0,0,0,0,0,0,0,0,0,1,0,0,0,0.245,0.29,0.372,0.662,4,0.32,-0.1,-0.008,
115,2019-09-07,SS,0,삼성,승리, 8:2,3,11,0,1,0,0,0,0,0,0,0,0,0,0,0,1,0,0,0,0,0,0.245,0.297,0.372,0.669,2,0.02,0.1,0.0,
116,2019-09-17,SS,0,KIA,패배, 2:3,8,10,1,3,3,0,1,0,0,0,1,0,0,0,0,0,0,0,0,0,0,0.247,0.298,0.371,0.669,10,0.68,-0.16,-0.02,
117,2020-05-07,SS,0,삼성,승리, 8:2,5,7,0,2,0,0,0,0,0,0,0,1,0,0,1,0,0,0,0,0,1,0.0,0.5,0.0,0.5,10,0.08,1.87,0.007,
118,2020-05-08,SS,1,LG,승리, 5:13,2,9,0,1,1,1,1,0,0,1,4,2,0,0,0,0,0,0,0,0,0,1.0,0.667,4.0,4.667,3,0.03,1.26,0.002,
119,2020-05-10,SS,1,LG,패배, 10:8,8,3,0,2,1,1,1,0,0,1,4,1,0,0,1,0,0,0,0,0,0,1.0,0.8,4.0,4.8,13,0.84,1.49,0.094,
120,2020-05-13,SS,1,KT,승리, 4:5,8,11,0,1,1,0,1,0,0,0,1,1,0,0,0,0,0,0,0,0,0,1.0,0.833,3.0,3.833,4,6.39,-0.89,0.342,
121,2020-05-14,SS,1,KT,승리, 0:1,9,3,1,3,3,0,1,1,0,0,2,0,0,0,0,0,0,1,0,0,0,0.667,0.667,1.833,2.5,13,1.34,-0.87,-0.104,
122,2020-05-15,SS,0,SK,승리, 6:2,5,9,1,3,3,0,0,0,0,0,0,0,0,0,0,0,0,1,1,0,0,0.444,0.5,1.222,1.722,10,1.35,-2.5,-0.162,
123,2020-05-16,SS,0,SK,승리, 2:1,7,3,1,3,3,1,2,0,0,0,2,0,1,0,0,0,0,0,0,0,0,0.5,0.533,1.083,1.616,6,1.23,0.46,0.092,
124,2020-05-17,SS,0,SK,승리, 11:5,6,3,1,5,3,1,1,0,0,1,4,4,0,0,1,0,0,1,0,0,1,0.467,0.5,1.133,1.633,20,1.1,1.31,0.247,
125,2020-05-19,SS,0,두산,승리, 5:4,7,3,1,4,3,0,2,0,0,0,2,0,0,0,1,0,0,0,0,0,0,0.5,0.542,1.056,1.598,19,0.65,0.32,0.013,
126,2020-05-20,SS,0,두산,패배, 1:2,7,3,1,3,3,0,1,0,0,0,1,0,0,0,0,0,0,2,0,0,0,0.476,0.519,0.952,1.471,11,1.24,-0.01,0.021,
127,2020-05-21,SS,0,두산,승리, 12:6,7,3,1,5,5,0,2,1,0,0,3,2,0,0,0,0,0,0,0,0,0,0.462,0.5,0.885,1.385,17,1.35,0.59,0.014,
128,2020-05-22,SS,1,한화,패배, 5:3,6,3,1,4,4,0,2,0,0,0,2,1,0,0,0,0,0,1,0,0,0,0.467,0.5,0.833,1.333,11,1.26,1.43,0.15,
129,2020-05-23,SS,1,한화,승리, 0:3,7,3,1,4,3,1,2,1,0,0,3,1,1,0,0,1,0,0,0,0,0,0.485,0.525,0.848,1.373,19,0.77,1.83,0.092,
130,2020-05-24,SS,1,한화,승리, 5:10,5,3,1,5,5,1,3,0,0,1,6,2,0,0,0,0,0,1,0,0,0,0.5,0.533,0.895,1.428,18,1.06,0.77,0.036,
131,2020-05-26,SS,1,키움,승리, 2:7,4,3,1,3,2,0,0,0,0,0,0,0,0,0,1,0,0,0,0,1,0,0.475,0.521,0.85,1.371,14,0.58,-0.61,-0.016,
132,2020-05-27,SS,1,키움,승리, 3:10,7,3,0,2,2,1,1,0,0,1,4,3,0,0,0,0,0,0,0,0,0,0.476,0.52,0.905,1.425,6,0.55,2.31,0.146,
133,2020-05-28,SS,1,키움,승리, 6:9,6,3,1,4,4,0,2,0,0,0,2,0,0,0,0,0,0,0,0,0,0,0.478,0.519,0.87,1.389,15,0.88,0.17,0.061,
134,2020-05-29,SS,0,삼성,패배, 4:5,7,9,1,4,4,0,1,0,0,0,1,1,0,0,0,0,0,0,0,0,0,0.46,0.5,0.82,1.32,22,0.87,0.24,0.065,
135,2020-05-30,SS,0,삼성,패배, 1:9,5,3,1,4,3,1,1,0,0,0,1,0,0,0,0,1,0,0,1,0,0,0.453,0.5,0.792,1.292,10,1.12,-0.31,-0.029,
136,2020-05-31,SS,0,삼성,승리, 18:7,5,3,1,5,4,3,3,2,0,0,5,0,0,0,1,0,0,0,0,0,0,0.474,0.522,0.825,1.347,13,0.31,2.16,0.034,
137,2020-06-02,SS,1,SK,패배, 8:2,5,3,1,3,3,0,0,0,0,0,0,0,0,0,0,0,0,1,0,0,0,0.45,0.5,0.783,1.283,12,0.41,-0.71,-0.032,
138,2020-06-03,SS,1,SK,승리, 6:8,6,3,1,4,3,1,1,0,0,0,1,1,0,0,1,0,0,1,0,0,0,0.444,0.5,0.762,1.262,19,0.6,0.38,0.057,
139,2020-06-04,SS,1,SK,승리, 0:10,6,3,1,4,3,0,1,0,0,0,1,0,0,0,0,1,0,0,0,0,0,0.439,0.5,0.742,1.242,20,0.47,0.12,-0.049,
140,2020-06-05,SS,0,한화,승리, 13:2,7,3,1,4,4,1,2,1,0,1,6,3,0,0,0,0,0,0,0,0,0,0.443,0.5,0.786,1.286,15,0.69,1.07,0.039,
141,2020-06-06,SS,0,한화,승리, 14:2,6,3,1,5,4,2,3,1,0,1,7,2,0,0,0,1,0,0,0,0,0,0.459,0.517,0.838,1.355,18,0.37,2.57,0.149,
142,2020-06-07,SS,0,한화,승리, 8:2,4,3,1,5,5,2,3,1,0,0,4,2,0,0,0,0,0,1,0,0,0,0.468,0.522,0.835,1.357,17,0.64,1.85,0.156,
143,2020-06-09,SS,1,두산,승리, 8:12,4,3,1,5,4,1,1,0,0,0,1,2,0,0,1,0,0,1,0,0,0,0.458,0.515,0.807,1.322,19,0.51,-0.11,0.016,
144,2020-06-10,SS,1,두산,패배, 9:1,4,3,1,4,4,0,0,0,0,0,0,0,0,0,0,0,0,0,0,0,0,0.437,0.495,0.77,1.265,8,0.66,-0.89,-0.07,
145,2020-06-11,SS,1,두산,승리, 5:7,5,3,1,4,4,2,3,1,0,1,7,2,0,0,0,0,0,1,0,0,0,0.451,0.505,0.813,1.318,14,0.86,2.87,0.247,
146,2020-06-12,SS,1,키움,패배, 3:2,5,3,1,4,4,1,1,1,0,0,2,0,0,0,0,0,0,0,0,0,0,0.442,0.495,0.8,1.295,22,1.5,-0.09,-0.014,
147,2020-06-13,SS,1,키움,패배, 18:5,2,7,0,1,1,1,1,1,0,0,2,0,0,0,0,0,0,0,0,0,0,0.448,0.5,0.813,1.313,4,0.0,0.55,0.0,
148,2020-06-14,SS,1,키움,승리, 5:9,5,3,1,4,4,1,2,1,0,0,3,0,0,0,0,0,0,0,0,0,0,0.45,0.5,0.81,1.31,14,0.62,0.47,0.041,
149,2020-06-16,SS,0,KIA,패배, 4:7,5,3,1,4,3,0,1,0,0,0,1,0,0,0,0,1,0,1,0,0,0,0.447,0.5,0.796,1.296,19,0.96,0.21,-0.029,
150,2020-06-17,SS,0,KIA,패배, 6:7,5,3,1,4,4,0,1,0,0,0,1,1,1,0,0,0,0,0,0,0,0,0.439,0.492,0.776,1.268,16,1.45,-0.04,0.109,
151,2020-06-19,SS,1,한화,승리, 1:3,3,3,1,4,4,1,1,0,0,1,4,2,0,0,0,0,0,1,0,0,0,0.432,0.484,0.784,1.268,14,0.74,0.8,0.126,
152,2020-06-20,SS,1,한화,패배, 4:3,3,3,1,4,4,0,1,0,0,0,1,0,1,0,0,0,0,1,0,0,0,0.426,0.477,0.765,1.242,10,1.12,-2.02,-0.185,
153,2020-06-21,SS,1,한화,승리, 7:9,3,3,1,5,4,0,0,0,0,0,0,1,0,0,0,0,0,2,0,0,1,0.412,0.459,0.739,1.198,21,0.94,-1.45,-0.097,
154,2020-06-23,SS,0,KT,승리, 4:3,5,3,1,4,4,1,1,1,0,0,2,0,0,0,0,0,0,0,0,0,0,0.407,0.453,0.732,1.185,14,0.91,-0.04,0.0,
155,2020-06-25,SS,0,KT,승리, 3:1,5,3,1,4,4,0,0,0,0,0,0,0,0,0,0,0,0,0,0,0,0,0.394,0.441,0.709,1.15,15,0.65,-0.95,-0.071,
156,2020-06-25,SS,0,KT,패배, 6:19,4,10,1,4,4,0,0,0,0,0,0,0,0,0,0,0,0,0,0,0,0,0.382,0.429,0.687,1.116,12,1.11,-1.32,-0.118,
157,2020-06-26,SS,0,두산,승리, 9:3,5,3,1,4,4,0,1,0,0,0,1,0,0,0,0,0,0,1,1,0,0,0.378,0.424,0.674,1.098,18,1.65,-1.2,-0.079,
158,2020-06-28,SS,0,두산,승리, 5:0,3,3,1,4,4,0,1,0,0,0,1,0,0,0,0,0,0,1,0,0,0,0.374,0.419,0.662,1.081,15,0.88,-0.76,-0.079,
159,2020-06-30,SS,1,롯데,패배, 10:8,8,3,1,5,4,0,1,0,0,0,1,1,0,0,0,0,0,1,0,0,1,0.371,0.413,0.65,1.063,18,2.31,-1.17,-0.122,
160,2020-07-02,SS,1,롯데,승리, 7:9,8,3,1,4,4,2,2,0,0,0,2,0,0,0,0,0,0,0,0,0,0,0.374,0.415,0.646,1.061,11,1.22,0.38,0.086,
161,2020-07-03,SS,1,KIA,패배, 8:2,7,3,1,4,4,0,0,0,0,0,0,0,0,0,0,0,0,0,0,0,0,0.364,0.405,0.629,1.034,16,0.95,-1.02,-0.11,
162,2020-07-04,SS,1,KIA,승리, 2:9,7,3,1,4,4,1,2,1,0,0,3,2,0,0,0,0,0,0,0,0,0,0.368,0.407,0.632,1.039,15,0.74,1.76,0.168,
163,2020-07-05,SS,1,KIA,승리, 6:7,7,3,1,4,4,0,1,0,0,0,1,0,0,0,0,0,0,0,0,0,0,0.365,0.403,0.623,1.026,14,1.56,-0.97,-0.139,
164,2020-07-07,SS,0,SK,승리, 5:4,8,3,1,3,3,1,1,1,0,0,2,1,0,0,0,0,0,0,0,0,0,0.364,0.402,0.623,1.025,6,1.03,0.86,0.121,
165,2020-07-08,SS,0,SK,패배, 2:3,8,3,1,4,4,0,0,0,0,0,0,1,0,0,0,0,0,0,0,0,0,0.355,0.393,0.608,1.001,18,2.54,-1.09,-0.224,
166,2020-07-09,SS,0,SK,승리, 8:2,1,3,0,1,1,0,0,0,0,0,0,0,0,0,0,0,0,1,0,0,0,0.353,0.391,0.605,0.996,3,0.03,-0.52,-0.001,
167,2020-07-10,SS,0,LG,승리, 12:2,8,3,1,4,4,1,1,0,0,0,1,0,0,0,0,0,0,0,0,0,0,0.351,0.388,0.596,0.984,9,0.73,0.21,0.077,
168,2020-07-11,SS,0,LG,패배, 6:6,7,3,1,5,4,0,0,0,0,0,0,0,0,0,1,0,0,1,0,0,0,0.343,0.383,0.583,0.966,19,1.0,-1.12,-0.079,
169,2020-07-14,SS,0,키움,패배, 1:5,7,3,1,2,2,0,0,0,0,0,0,0,0,0,0,0,0,0,0,0,0,0.339,0.379,0.576,0.955,4,0.55,-0.3,-0.028,
170,2020-07-15,SS,0,키움,패배, 4:7,9,3,1,4,4,0,2,0,0,0,2,0,0,0,0,0,0,1,0,0,0,0.343,0.382,0.575,0.957,16,0.75,-0.11,-0.012,
171,2020-07-16,SS,0,키움,승리, 9:1,9,3,1,5,5,2,3,0,0,0,3,1,0,0,0,0,0,0,0,0,0,0.349,0.387,0.575,0.962,19,0.38,1.0,0.109,
172,2020-07-17,SS,1,KT,패배, 3:3,8,3,1,3,3,0,1,0,0,0,1,0,0,0,0,0,0,0,0,0,0,0.349,0.386,0.571,0.957,8,1.23,0.36,0.074,
173,2020-07-18,SS,1,KT,승리, 1:6,6,3,1,4,3,1,2,0,0,0,2,1,1,0,1,0,0,0,0,0,0,0.354,0.393,0.573,0.966,23,0.48,0.52,-0.024,
174,2020-07-19,SS,1,KT,승리, 2:8,6,3,1,4,3,2,2,0,0,1,5,1,0,0,1,0,0,1,0,0,0,0.359,0.4,0.59,0.99,24,0.32,1.45,0.064,
175,2020-07-21,SS,1,삼성,승리, 5:6,6,3,1,5,5,0,2,0,0,0,2,2,0,0,0,0,0,0,0,0,0,0.36,0.4,0.585,0.985,14,1.93,-0.9,0.19,
176,2020-07-24,SS,0,KT,승리, 3:2,5,3,1,4,4,0,1,0,0,0,1,1,0,0,0,0,0,1,0,0,0,0.358,0.397,0.578,0.975,16,2.07,0.35,0.166,
177,2020-07-25,SS,0,KT,패배, 2:6,5,3,1,4,4,0,0,0,0,0,0,0,0,0,0,0,0,0,0,0,0,0.351,0.39,0.567,0.957,10,1.09,-1.3,-0.091,
178,2020-07-26,SS,0,KT,패배, 4:5,5,3,1,4,4,0,1,0,0,0,1,0,0,0,0,0,0,1,1,0,0,0.349,0.388,0.561,0.949,10,1.79,-1.33,-0.188,
179,2020-07-28,SS,0,롯데,패배, 9:11,5,3,1,5,5,1,1,0,0,0,1,0,0,0,0,0,0,0,1,0,0,0.346,0.384,0.553,0.937,18,1.58,-1.34,-0.169,
180,2020-07-31,SS,1,두산,승리, 7:10,7,3,1,4,4,1,2,1,0,0,3,2,0,0,0,0,0,0,0,0,0,0.348,0.386,0.557,0.943,16,1.68,1.75,0.193,
181,2020-08-01,SS,1,두산,패배, 12:10,3,3,1,6,6,1,1,0,0,0,1,0,0,0,0,0,0,0,0,0,0,0.344,0.381,0.546,0.927,21,1.04,-0.97,-0.141,
182,2020-08-02,SS,1,두산,패배, 7:4,4,3,1,5,5,1,1,0,0,1,4,3,0,0,0,0,0,1,0,0,0,0.341,0.377,0.552,0.929,20,1.85,0.74,0.492,
183,2020-08-05,SS,0,한화,패배, 5:8,5,3,1,5,5,0,1,0,0,0,1,0,0,0,0,0,0,0,0,0,0,0.338,0.374,0.544,0.918,23,1.16,-1.62,-0.134,
184,2020-08-06,SS,0,한화,승리, 4:1,5,3,1,1,1,0,1,0,0,0,1,0,0,1,0,0,0,0,0,0,0,0.34,0.376,0.546,0.922,3,0.75,0.04,0.002,
185,2020-08-18,SS,1,키움,승리, 1:5,6,3,0,1,1,0,0,0,0,0,0,0,0,0,0,0,0,0,0,0,0,0.339,0.375,0.544,0.919,2,0.22,-0.34,-0.005,
186,2020-08-19,SS,1,키움,패배, 6:4,5,3,0,1,1,0,0,0,0,0,0,0,0,0,0,0,0,0,0,0,0,0.338,0.373,0.542,0.915,3,0.38,-0.12,-0.01,
187,2020-08-20,SS,0,KIA,승리, 14:2,5,3,1,3,2,0,0,0,0,0,0,1,0,0,0,0,0,1,0,0,1,0.335,0.369,0.537,0.906,8,1.09,-1.54,-0.069,
188,2020-08-24,SS,0,KT,패배, 1:8,6,3,0,1,1,0,1,0,0,0,1,0,0,0,0,0,0,0,0,0,0,0.337,0.371,0.539,0.91,2,0.03,0.29,0.002,
189,2020-08-25,SS,1,한화,승리, 3:11,5,3,1,4,4,1,2,1,0,1,6,2,0,0,0,0,0,0,0,0,0,0.34,0.373,0.555,0.928,20,0.44,1.54,0.004,
190,2020-08-26,SS,1,한화,승리, 5:9,5,3,1,4,4,0,1,0,0,0,1,0,0,0,0,0,0,0,0,0,0,0.339,0.371,0.55,0.921,16,0.33,-0.9,-0.026,
191,2020-08-27,SS,1,두산,승리, 2:8,5,3,1,4,4,1,3,1,0,0,4,0,0,0,0,0,0,1,0,0,0,0.345,0.377,0.557,0.934,17,0.55,1.06,0.039,
192,2020-08-28,SS,1,두산,패배, 11:4,5,3,1,3,3,0,0,0,0,0,0,0,0,0,0,0,0,0,0,0,0,0.341,0.373,0.55,0.923,5,0.61,-0.75,-0.043,
193,2020-08-30,SS,1,SK,승리, 4:7,7,3,1,3,2,1,0,0,0,0,0,0,0,0,1,0,0,0,0,1,0,0.338,0.372,0.546,0.918,13,0.68,-0.48,-0.004,
194,2020-09-01,SS,0,키움,승리, 5:2,6,3,1,4,4,1,2,0,0,0,2,0,0,0,0,0,0,0,0,0,0,0.341,0.374,0.545,0.919,14,0.77,-0.19,-0.043,
195,2020-09-02,SS,0,키움,패배, 4:6,5,3,1,4,4,1,1,1,0,0,2,0,0,0,0,0,0,0,0,0,0,0.34,0.372,0.545,0.917,9,0.52,0.13,-0.039,
196,2020-09-03,SS,0,LG,패배, 5:6,7,3,0,2,2,0,0,0,0,0,0,0,0,0,0,0,0,1,0,0,0,0.337,0.37,0.541,0.911,9,2.1,-0.7,-0.111,
197,2020-09-04,SS,0,LG,승리, 5:3,7,3,1,6,5,1,3,0,0,0,3,0,1,0,0,1,0,0,0,0,0,0.342,0.376,0.542,0.918,26,1.49,1.28,0.085,
198,2020-09-06,SS,0,삼성,패배, 3:5,6,3,1,4,3,0,0,0,0,0,0,0,0,0,1,0,0,0,1,0,0,0.338,0.374,0.536,0.91,15,0.62,-0.36,0.007,
199,2020-09-08,SS,1,롯데,승리, 2:14,6,3,1,4,4,0,1,0,0,0,1,1,0,0,0,0,0,1,0,0,0,0.337,0.373,0.532,0.905,20,0.19,-0.26,-0.027,
200,2020-09-10,SS,1,KT,승리, 8:13,7,3,1,5,4,2,2,0,0,0,2,1,0,0,1,0,0,0,0,0,0,0.339,0.376,0.531,0.907,15,1.1,1.32,0.145,
201,2020-09-11,SS,1,KT,승리, 1:9,6,3,1,4,4,1,1,1,0,0,2,1,0,0,0,0,0,1,0,0,0,0.338,0.375,0.531,0.906,16,0.54,0.02,-0.019,
202,2020-09-12,SS,1,KIA,패배, 11:3,7,3,1,2,2,0,1,0,0,0,1,0,1,0,0,0,0,0,0,0,0,0.339,0.375,0.531,0.906,10,0.88,0.16,0.013,
203,2020-09-15,SS,0,두산,패배, 3:7,8,3,1,4,3,0,0,0,0,0,0,1,1,0,1,0,0,0,0,0,0,0.336,0.374,0.525,0.899,15,1.25,-0.52,-0.022,
204,2020-09-16,SS,0,두산,승리, 5:3,6,3,1,4,4,0,1,0,0,0,1,0,0,0,0,0,0,0,0,0,0,0.334,0.372,0.522,0.894,11,0.69,-0.31,-0.039,
205,2020-09-17,SS,0,SK,승리, 3:0,5,3,1,4,4,0,0,0,0,0,0,0,0,0,0,0,0,0,1,0,0,0.33,0.368,0.515,0.883,13,1.36,-2.62,-0.215,
206,2020-09-19,SS,0,롯데,패배, 1:5,6,3,1,4,4,0,1,0,0,0,1,0,0,0,0,0,0,0,0,0,0,0.329,0.366,0.511,0.877,12,0.68,-0.52,-0.058,
207,2020-09-20,SS,0,롯데,승리, 7:2,5,3,1,4,4,1,2,0,0,0,2,1,0,0,0,0,0,1,0,0,0,0.331,0.368,0.511,0.879,14,0.58,1.14,0.0,
208,2020-09-20,SS,0,롯데,승리, 6:2,5,3,1,5,5,0,0,0,0,0,0,0,0,0,0,0,0,1,0,0,0,0.326,0.363,0.503,0.866,18,0.94,-1.67,-0.121,
209,2020-09-22,SS,1,삼성,승리, 2:3,6,3,1,4,4,1,0,0,0,0,0,0,0,0,0,0,0,1,0,0,0,0.322,0.358,0.497,0.855,21,2.76,-0.1,0.151,
210,2020-09-26,SS,0,한화,승리, 13:1,4,3,0,0,0,0,0,0,0,0,0,0,0,0,0,0,0,0,0,0,0,0.322,0.358,0.497,0.855,0,,,,
211,2020-09-27,SS,0,한화,승리, 5:4,9,3,0,1,1,0,0,0,0,0,0,0,0,0,0,0,0,0,0,0,0,0.321,0.357,0.495,0.852,1,0.36,-0.6,-0.014,
212,2020-09-29,SS,1,SK,승리, 0:3,9,11,0,1,1,0,1,0,0,0,1,0,0,0,0,0,0,0,0,0,0,0.323,0.359,0.497,0.856,6,1.15,0.29,0.04,
213,2020-09-30,SS,1,SK,승리, 3:12,7,7,1,4,3,0,1,1,0,0,2,2,0,0,0,0,0,0,0,0,1,0.323,0.358,0.498,0.856,14,0.69,0.45,-0.047,
214,2020-10-01,SS,1,SK,승리, 2:10,9,7,1,4,3,0,0,0,0,0,0,0,0,0,0,1,0,0,0,0,0,0.32,0.357,0.494,0.851,17,0.13,-0.07,0.003,
215,2020-10-02,SS,1,삼성,패배, 8:2,8,3,1,3,3,0,0,0,0,0,0,0,0,0,0,0,0,0,1,0,0,0.317,0.354,0.489,0.843,11,1.06,-1.94,-0.138,
216,2020-10-03,SS,1,삼성,승리, 2:12,6,3,0,2,2,0,0,0,0,0,0,0,0,0,0,0,0,0,0,0,0,0.313,0.35,0.484,0.834,9,0.01,-0.86,0.0,
217,2020-10-03,SS,1,삼성,패배, 6:6,7,3,1,2,2,0,0,0,0,0,0,0,0,0,0,0,0,0,1,0,0,0.315,0.352,0.486,0.838,4,1.34,-1.19,-0.108,
218,2020-10-06,SS,0,키움,패배, 1:2,6,3,1,3,3,0,0,0,0,0,0,0,0,0,0,0,0,3,0,0,0,0.311,0.347,0.479,0.826,12,1.77,-1.16,-0.13,
219,2020-10-07,SS,0,키움,승리, 4:3,9,11,0,1,0,0,0,0,0,0,0,0,0,0,0,1,0,0,0,0,0,0.311,0.349,0.479,0.828,4,0.66,0.46,0.024,
220,2020-10-08,SS,0,키움,패배, 7:10,8,3,1,5,5,0,1,1,0,0,2,0,0,0,0,0,0,0,1,0,0,0.309,0.347,0.478,0.825,18,0.9,-1.55,-0.133,
221,2020-10-09,SS,0,LG,패배, 0:4,9,3,0,1,1,0,0,0,0,0,0,0,0,0,0,0,0,0,0,0,0,0.308,0.346,0.477,0.823,2,0.12,-0.12,-0.003,
222,2020-10-10,SS,0,LG,패배, 0:5,8,3,0,1,1,0,0,0,0,0,0,0,0,0,0,0,0,0,0,0,0,0.307,0.345,0.475,0.82,6,1.15,-0.18,-0.029,
223,2020-10-10,SS,0,LG,패배, 5:9,7,3,1,4,4,0,3,0,0,0,3,2,0,0,0,0,0,0,0,0,0,0.312,0.349,0.479,0.828,13,0.88,1.51,0.123,
224,2020-10-11,SS,0,LG,패배, 3:7,2,3,1,4,4,0,1,0,0,0,1,2,0,0,0,0,0,2,0,0,0,0.312,0.348,0.476,0.824,13,1.83,0.4,0.106,
225,2020-10-13,SS,1,KIA,패배, 11:9,6,10,1,5,4,1,2,0,0,0,2,0,1,0,1,0,0,0,0,0,0,0.314,0.351,0.476,0.827,21,1.14,1.21,0.06,
226,2020-10-15,SS,1,KIA,패배, 12:11,9,11,0,1,1,0,0,0,0,0,0,0,0,0,0,0,0,1,0,0,0,0.313,0.351,0.475,0.826,3,0.96,-0.34,-0.024,
227,2020-10-16,SS,1,롯데,승리, 5:6,7,3,0,1,0,0,0,0,0,0,0,0,0,0,1,0,0,0,0,0,0,0.313,0.352,0.475,0.827,4,2.37,0.49,0.063,
228,2020-10-17,SS,1,롯데,승리, 3:4,2,3,1,5,5,0,1,0,0,0,1,0,0,0,0,0,0,0,1,0,0,0.311,0.35,0.471,0.821,17,0.98,-1.97,-0.122,
229,2020-10-18,SS,1,롯데,패배, 9:2,5,3,1,4,2,0,1,0,0,0,1,0,0,0,1,1,0,0,0,0,0,0.312,0.354,0.471,0.825,23,1.04,1.34,0.01,
230,2020-10-20,SS,0,KIA,승리, 13:3,7,3,1,4,4,0,2,1,0,0,3,3,0,0,0,0,0,0,0,0,0,0.314,0.356,0.474,0.83,17,0.29,3.14,0.098,
231,2020-10-23,SS,0,한화,패배, 6:11,5,3,1,5,4,1,1,1,0,0,2,0,0,0,1,0,0,0,0,0,0,0.314,0.356,0.475,0.831,17,0.82,0.61,0.055,
232,2020-10-24,SS,1,LG,패배, 3:3,5,3,1,6,5,0,0,0,0,0,0,0,0,0,1,0,0,3,0,0,0,0.31,0.354,0.468,0.822,27,1.1,-0.74,-0.091,
233,2020-10-27,SS,1,삼성,패배, 12:2,5,3,1,3,3,0,0,0,0,0,0,0,0,0,0,0,0,0,0,0,0,0.307,0.351,0.465,0.816,7,0.46,-1.4,-0.068,
234,2020-10-28,SS,0,롯데,승리, 7:1,6,3,1,4,4,0,1,0,0,0,1,0,0,0,0,0,0,1,0,0,0,0.306,0.35,0.462,0.812,17,0.52,-0.96,-0.043,
235,2020-10-29,SS,0,롯데,승리, 11:4,7,3,1,4,4,0,2,0,0,0,2,2,0,0,0,0,0,1,0,0,0,0.308,0.351,0.463,0.814,18,0.41,0.66,0.07,
236,2020-10-30,SS,0,삼성,패배, 4:4,3,3,0,3,3,0,0,0,0,0,0,0,0,0,0,0,0,0,0,0,0,0.306,0.349,0.459,0.808,11,1.72,-0.54,-0.128,
237,2020-10-31,SS,0,KIA,패배, 3:4,5,3,1,3,3,1,2,1,0,0,3,0,0,0,0,0,0,0,0,0,0,0.309,0.351,0.463,0.814,8,0.91,0.46,0.019,
238,2021-04-04,SS,1,LG,패배, 2:1,8,3,1,4,4,0,0,0,0,0,0,0,0,0,0,0,0,0,0,0,0,0.0,0.0,0.0,0.0,19,1.41,-0.85,-0.146,
239,2021-04-06,SS,1,롯데,패배, 10:5,7,3,1,4,3,2,2,1,0,0,3,0,1,0,0,1,0,0,0,0,0,0.286,0.375,0.429,0.804,9,0.98,1.67,0.131,
240,2021-04-07,SS,1,롯데,승리, 6:10,7,3,1,4,4,0,1,0,0,0,1,0,0,0,0,0,0,1,0,0,0,0.273,0.333,0.364,0.697,9,0.6,-0.59,-0.04,
241,2021-04-08,SS,1,롯데,패배, 8:4,7,3,1,4,3,1,1,0,0,0,1,1,0,0,0,1,0,0,0,0,0,0.286,0.375,0.357,0.732,9,2.04,0.32,-0.017,
242,2021-04-09,SS,0,KIA,승리, 10:6,6,3,1,4,3,0,1,0,0,0,1,0,0,0,0,1,0,0,0,1,0,0.294,0.4,0.353,0.753,15,0.65,0.16,-0.037,
243,2021-04-10,SS,0,KIA,승리, 9:2,7,3,1,5,3,0,0,0,0,0,0,0,0,0,1,1,0,0,1,0,0,0.25,0.4,0.3,0.7,18,0.34,-0.71,0.024,
244,2021-04-11,SS,0,KIA,승리, 7:3,7,3,1,2,2,1,0,0,0,0,0,0,0,0,0,0,0,1,0,0,0,0.227,0.37,0.273,0.643,12,1.27,-0.8,-0.066,
245,2021-04-13,SS,0,SSG,승리, 4:2,6,3,1,4,4,0,0,0,0,0,0,0,0,0,0,0,0,2,0,0,0,0.192,0.323,0.231,0.554,18,1.11,-1.06,-0.079,
246,2021-04-14,SS,0,SSG,승리, 3:0,7,3,1,3,3,1,1,1,0,0,2,1,0,0,0,0,0,0,0,0,0,0.207,0.324,0.276,0.6,8,1.25,1.09,0.152,
247,2021-04-15,SS,0,SSG,패배, 3:9,6,3,1,4,4,1,3,1,0,1,7,2,0,0,0,0,0,1,0,0,0,0.273,0.368,0.455,0.823,15,0.43,2.56,0.067,
248,2021-04-16,SS,1,한화,승리, 1:9,6,3,1,5,5,0,0,0,0,0,0,0,1,0,0,0,0,0,0,0,0,0.237,0.326,0.395,0.721,18,1.19,-1.41,-0.079,
249,2021-04-17,SS,1,한화,승리, 4:14,6,3,1,4,3,0,0,0,0,0,0,0,0,0,1,0,0,2,0,0,0,0.22,0.319,0.366,0.685,22,0.52,-0.93,-0.052,
250,2021-05-11,SS,0,한화,승리, 7:2,7,3,1,5,4,0,1,0,0,0,1,0,0,0,1,0,0,1,0,0,0,0.222,0.327,0.356,0.683,26,0.83,-0.07,-0.037,
251,2021-05-12,SS,0,한화,승리, 6:3,8,3,1,4,3,0,0,0,0,0,0,0,0,0,1,0,0,1,0,0,0,0.208,0.321,0.333,0.654,17,0.48,-0.5,-0.046,
252,2021-05-13,SS,0,한화,승리, 4:2,8,3,1,4,3,1,1,0,0,0,1,0,1,0,1,0,0,0,0,0,0,0.216,0.333,0.333,0.666,21,1.01,0.59,0.022,
253,2021-05-14,SS,1,KIA,승리, 2:5,6,3,1,4,3,0,2,1,0,0,3,1,0,0,1,0,0,0,0,0,0,0.241,0.359,0.37,0.729,15,2.18,2.24,0.343,
254,2021-05-15,SS,1,KIA,승리, 3:7,6,3,1,2,2,0,0,0,0,0,0,0,1,0,0,0,0,0,0,0,0,0.232,0.348,0.357,0.705,6,0.62,0.23,0.014,
255,2021-05-18,SS,0,LG,패배, 0:1,7,3,1,2,2,0,0,0,0,0,0,0,0,0,0,0,0,0,1,0,0,0.224,0.338,0.345,0.683,15,1.31,-1.15,-0.106,
256,2021-05-19,SS,0,LG,패배, 5:6,6,3,1,5,5,0,1,0,0,0,1,0,0,0,0,0,0,1,0,0,0,0.222,0.329,0.333,0.662,17,0.9,-0.99,-0.071,
257,2021-05-20,SS,0,LG,승리, 11:1,7,3,1,5,4,2,2,1,0,0,3,0,0,0,1,0,0,0,0,0,0,0.239,0.346,0.358,0.704,15,0.41,0.56,0.022,
258,2021-05-21,SS,0,키움,패배, 0:2,7,3,1,2,2,0,0,0,0,0,0,0,0,0,0,0,0,0,1,0,0,0.232,0.338,0.348,0.686,6,1.36,-1.11,-0.108,
259,2021-05-22,SS,0,키움,패배, 6:13,6,3,1,4,4,0,2,0,0,0,2,2,0,0,0,0,0,0,1,0,0,0.247,0.345,0.356,0.701,14,0.54,0.85,-0.033,
260,2021-05-23,SS,0,키움,패배, 4:7,9,3,0,2,2,0,1,0,0,0,1,1,0,0,0,0,0,0,0,0,0,0.253,0.349,0.36,0.709,5,1.77,0.18,-0.001,
261,2021-05-26,SS,1,삼성,패배, 7:1,7,3,1,3,3,0,0,0,0,0,0,0,0,0,0,0,0,1,0,0,0,0.244,0.337,0.346,0.683,9,1.14,-1.16,-0.088,
262,2021-05-29,SS,0,롯데,패배, 10:10,8,3,1,4,4,1,1,0,0,0,1,0,0,0,0,0,0,2,0,0,0,0.244,0.333,0.341,0.674,13,0.57,0.04,-0.029,
263,2021-05-29,SS,0,롯데,승리, 6:2,8,3,1,4,4,0,1,0,0,0,1,1,1,0,0,0,0,2,0,0,0,0.244,0.33,0.337,0.667,19,0.54,-0.53,0.019,
264,2021-05-30,SS,0,롯데,승리, 5:4,7,3,1,4,3,1,2,1,0,0,3,0,0,0,1,0,0,0,0,0,0,0.258,0.347,0.36,0.707,20,1.02,1.36,0.141,
265,2021-06-01,SS,1,두산,패배, 4:3,6,3,1,4,4,0,0,0,0,0,0,0,0,0,0,0,0,1,0,0,0,0.247,0.333,0.344,0.677,20,1.51,-0.96,-0.152,
266,2021-06-02,SS,1,두산,승리, 5:9,8,3,1,4,3,1,1,1,0,0,2,0,0,0,0,1,0,0,0,0,0,0.25,0.339,0.354,0.693,15,1.09,0.85,0.081,
267,2021-06-04,SS,1,한화,승리, 3:6,7,3,1,4,3,1,0,0,0,0,0,0,0,0,1,0,0,2,0,0,0,0.242,0.336,0.343,0.679,19,0.57,-0.71,-0.058,
268,2021-06-05,SS,1,한화,승리, 1:6,8,3,1,4,4,0,1,0,0,0,1,0,0,1,0,0,0,1,0,0,0,0.243,0.333,0.34,0.673,10,0.68,-0.91,-0.046,
269,2021-06-06,SS,1,한화,패배, 13:10,8,9,0,3,2,1,0,0,0,0,0,0,0,0,1,0,0,0,0,0,0,0.238,0.333,0.333,0.666,11,0.97,-0.09,-0.05,
270,2021-06-08,SS,0,LG,패배, 1:2,7,3,1,3,3,0,0,0,0,0,0,0,0,0,0,0,0,1,0,0,0,0.231,0.325,0.324,0.649,11,1.09,-1.33,-0.122,
271,2021-06-09,SS,0,LG,패배, 3:6,7,3,1,4,3,0,1,0,0,0,1,0,0,0,0,1,0,1,0,0,0,0.234,0.331,0.324,0.655,20,0.74,-0.08,0.015,
272,2021-06-10,SS,0,LG,승리, 6:0,8,3,1,4,4,2,3,1,0,1,7,3,0,0,0,0,0,0,0,0,0,0.252,0.344,0.374,0.718,17,0.53,3.12,0.211,
273,2021-06-11,SS,0,삼성,승리, 5:4,6,3,1,5,4,0,1,0,0,0,1,0,0,0,1,0,0,0,0,0,0,0.252,0.346,0.37,0.716,20,2.15,-0.03,-0.01,
274,2021-06-12,SS,0,삼성,패배, 1:4,8,3,1,4,4,0,2,1,0,0,3,0,0,0,0,0,0,0,0,0,0,0.26,0.35,0.382,0.732,8,0.97,-0.36,-0.036,
275,2021-06-13,SS,0,삼성,패배, 3:5,6,3,1,5,5,0,1,0,0,0,1,0,0,0,0,0,0,1,1,0,0,0.258,0.345,0.375,0.72,24,1.75,-2.26,-0.285,
276,2021-06-16,SS,1,KT,패배, 7:3,8,3,1,3,3,0,1,0,0,0,1,0,0,0,0,0,0,1,0,0,0,0.26,0.345,0.374,0.719,11,0.53,0.96,-0.006,
277,2021-06-17,SS,1,KT,승리, 1:9,8,3,1,4,3,0,1,0,0,0,1,1,0,0,1,0,0,2,0,0,0,0.261,0.349,0.373,0.722,16,0.77,0.62,-0.054,
278,2021-06-18,SS,1,키움,승리, 0:5,6,3,1,4,4,0,0,0,0,0,0,0,0,0,0,0,0,0,0,0,0,0.254,0.34,0.362,0.702,23,0.58,-1.08,-0.057,
279,2021-06-19,SS,1,키움,패배, 12:7,7,3,1,4,3,0,2,0,0,0,2,0,0,0,1,0,0,0,0,0,0,0.262,0.35,0.369,0.719,15,0.87,0.65,0.057,
280,2021-06-20,SS,1,키움,패배, 8:4,2,3,1,5,4,1,0,0,0,0,0,0,0,0,1,0,0,1,2,0,0,0.255,0.345,0.359,0.704,21,1.18,-2.09,-0.24,
281,2021-06-22,SS,0,롯데,승리, 5:2,7,3,1,4,3,1,1,0,0,0,1,0,0,0,1,0,0,0,1,0,0,0.257,0.349,0.358,0.707,19,0.56,-0.71,0.01,
282,2021-06-23,SS,0,롯데,패배, 7:13,8,3,1,3,2,0,0,0,0,0,0,0,1,0,1,0,0,0,0,0,0,0.253,0.349,0.353,0.702,14,0.99,0.3,0.061,
283,2021-06-24,SS,0,롯데,승리, 6:4,7,3,1,4,4,1,1,0,0,0,1,0,0,0,0,0,0,2,0,0,0,0.253,0.347,0.351,0.698,14,1.08,-0.18,-0.019,
284,2021-06-25,SS,1,SSG,승리, 10:11,2,3,0,1,1,1,0,0,0,0,0,0,0,0,0,0,0,0,0,0,0,0.252,0.345,0.348,0.693,2,0.63,-0.11,-0.017,
285,2021-06-26,SS,1,SSG,패배, 10:10,8,3,1,5,5,2,2,1,0,1,6,3,0,0,1,0,1,0,0,0,0,0.256,0.35,0.375,0.725,17,1.75,4.01,0.434,
286,2021-06-27,SS,1,SSG,승리, 3:4,7,3,1,3,3,0,1,1,0,0,2,0,0,0,0,0,0,0,0,0,0,0.258,0.349,0.38,0.729,11,0.84,-0.13,-0.001,
287,2021-06-29,SS,0,KIA,승리, 7:3,8,3,1,4,4,1,2,1,0,1,6,3,0,0,0,0,0,1,0,0,0,0.263,0.353,0.407,0.76,13,0.96,2.47,0.358,
288,2021-07-01,SS,0,KIA,패배, 3:6,8,3,1,4,3,0,0,0,0,0,0,1,0,0,0,0,0,1,0,0,1,0.259,0.345,0.4,0.745,12,1.39,-1.4,-0.134,
289,2021-07-02,SS,1,삼성,패배, 5:2,8,3,1,4,3,0,1,0,0,0,1,0,0,1,1,0,0,0,0,0,0,0.26,0.348,0.399,0.747,12,1.18,-0.22,-0.015,
290,2021-07-04,SS,1,삼성,패배, 5:0,7,3,1,2,2,0,0,0,0,0,0,0,0,0,0,0,0,1,0,0,0,0.257,0.345,0.394,0.739,9,0.84,-0.47,-0.041,
291,2021-07-06,SS,0,두산,승리, 7:3,7,3,1,4,4,1,1,0,0,0,1,0,0,0,0,0,0,1,0,0,0,0.257,0.343,0.391,0.734,17,0.41,-0.75,0.004,
292,2021-07-07,SS,0,두산,패배, 2:4,6,3,1,4,4,0,2,0,0,0,2,1,0,0,0,0,0,1,0,0,0,0.262,0.346,0.393,0.739,11,1.22,0.56,-0.02,
293,2021-08-10,SS,1,롯데,패배, 5:2,5,3,1,4,4,0,1,0,0,0,1,0,0,0,0,0,0,1,0,0,0,0.262,0.344,0.39,0.734,16,0.68,-0.2,-0.006,
294,2021-08-11,SS,1,롯데,패배, 5:4,6,3,1,4,4,1,1,0,0,1,4,1,0,0,0,0,0,0,0,0,0,0.262,0.343,0.403,0.746,13,1.79,-0.16,-0.015,
295,2021-08-12,SS,1,롯데,승리, 4:5,6,3,1,4,4,1,2,0,0,0,2,2,0,0,0,0,0,0,0,0,0,0.267,0.345,0.405,0.75,13,1.57,1.46,0.199,
296,2021-08-13,SS,0,한화,승리, 5:1,6,3,1,4,4,1,2,0,0,0,2,0,0,0,0,0,0,1,0,0,0,0.271,0.348,0.407,0.755,12,0.58,0.44,0.053,
297,2021-08-14,SS,0,한화,패배, 9:9,6,3,1,5,3,1,0,0,0,0,0,0,0,0,1,1,0,1,0,0,0,0.267,0.349,0.401,0.75,18,1.17,0.36,-0.016,
298,2021-08-15,SS,0,한화,패배, 3:3,6,3,1,4,2,1,0,0,0,0,0,0,0,0,1,1,0,0,0,0,0,0.265,0.352,0.397,0.749,14,1.66,0.06,0.067,
299,2021-08-18,SS,0,SSG,패배, 1:6,5,3,1,4,3,0,2,1,0,0,3,0,0,0,0,1,0,0,0,0,0,0.271,0.359,0.406,0.765,15,0.97,0.86,0.081,
300,2021-08-19,SS,0,SSG,승리, 8:5,6,11,0,1,1,0,1,1,0,0,2,1,0,0,0,0,0,0,0,0,0,0.274,0.361,0.413,0.774,1,1.0,1.45,0.071,
301,2021-08-20,SS,1,LG,승리, 3:8,6,3,1,3,3,1,2,1,0,0,3,0,0,0,0,0,0,0,0,0,0,0.28,0.365,0.422,0.787,7,0.82,0.94,0.082,
302,2021-08-22,SS,1,LG,승리, 3:4,6,3,1,4,4,0,2,0,0,0,2,0,0,0,0,0,0,0,0,0,0,0.284,0.367,0.423,0.79,8,1.11,0.02,0.011,
303,2021-08-26,SS,1,두산,패배, 7:0,6,3,1,4,3,0,0,0,0,0,0,0,0,0,1,0,0,1,0,0,0,0.28,0.365,0.417,0.782,15,1.14,-0.89,-0.115,
304,2021-08-26,SS,1,두산,패배, 5:3,6,3,1,5,4,1,1,1,0,0,2,0,0,0,0,1,0,2,0,0,0,0.279,0.366,0.419,0.785,20,2.25,-0.53,-0.108,
305,2021-08-28,SS,0,한화,패배, 1:9,4,11,0,1,1,0,0,0,0,0,0,0,0,0,0,0,0,0,0,0,0,0.278,0.365,0.417,0.782,3,0.0,-0.19,0.0,
306,2021-08-29,SS,0,한화,패배, 2:3,6,3,1,4,4,0,1,0,0,0,1,0,0,0,0,0,0,1,1,0,0,0.278,0.363,0.414,0.777,10,1.46,-1.25,-0.223,
307,2021-09-01,SS,0,SSG,승리, 9:2,5,3,1,4,4,0,1,0,0,0,1,1,0,0,0,0,0,0,0,0,0,0.277,0.361,0.411,0.772,21,0.58,-0.04,0.012,
308,2021-09-01,SS,0,SSG,패배, 4:9,5,3,1,4,4,0,0,0,0,0,0,0,0,0,0,0,0,2,0,0,0,0.272,0.356,0.404,0.76,14,1.3,-0.96,-0.102,
309,2021-09-02,SS,0,LG,패배, 0:5,5,3,1,4,4,0,2,0,0,0,2,0,0,0,0,0,0,0,0,0,0,0.276,0.358,0.406,0.764,17,0.37,0.13,0.01,
310,2021-09-03,SS,0,LG,승리, 5:2,5,3,1,4,3,0,0,0,0,0,0,0,0,0,0,1,0,0,0,0,0,0.273,0.356,0.401,0.757,17,1.82,0.21,0.036,
311,2021-09-04,SS,1,롯데,패배, 8:2,5,3,1,3,3,0,1,0,0,0,1,0,0,0,0,0,0,0,0,0,0,0.273,0.356,0.4,0.756,9,0.84,-0.24,-0.012,
312,2021-09-05,SS,1,롯데,승리, 3:9,6,3,1,4,3,1,1,0,0,0,1,0,0,0,1,0,0,0,0,0,0,0.274,0.358,0.399,0.757,16,0.47,-0.15,-0.02,
313,2021-09-07,SS,1,한화,승리, 4:16,6,3,1,4,2,3,1,0,0,0,1,1,0,0,1,1,0,0,0,0,0,0.276,0.364,0.4,0.764,16,0.28,1.78,0.025,
314,2021-09-08,SS,1,한화,패배, 3:1,6,3,1,4,4,0,0,0,0,0,0,0,0,0,0,0,0,1,0,0,0,0.272,0.359,0.394,0.753,10,1.53,-1.05,-0.146,
315,2021-09-09,SS,1,두산,패배, 6:2,6,3,1,4,4,0,1,0,0,0,1,0,0,0,0,0,0,2,0,0,0,0.271,0.357,0.391,0.748,13,0.45,-0.18,-0.006,
316,2021-09-10,SS,1,두산,패배, 8:1,1,11,0,1,0,0,0,0,0,0,0,1,0,0,0,0,0,0,0,0,1,0.271,0.356,0.391,0.747,2,0.37,-0.3,-0.007,
317,2021-09-11,SS,0,KIA,패배, 3:5,6,3,1,4,4,0,0,0,0,0,0,0,0,0,0,0,0,1,0,0,0,0.267,0.351,0.385,0.736,15,1.21,-0.81,-0.105,
318,2021-09-12,SS,0,KIA,승리, 8:2,7,3,1,4,4,1,1,1,0,0,2,1,0,0,0,0,0,0,0,0,0,0.267,0.35,0.387,0.737,13,0.92,0.37,0.097,
319,2021-09-12,SS,0,KIA,승리, 3:0,7,3,1,4,4,0,1,0,0,0,1,0,0,0,0,0,0,1,0,0,0,0.267,0.349,0.385,0.734,15,0.6,-0.08,-0.002,
320,2021-09-14,SS,1,키움,승리, 8:10,6,3,1,4,4,1,2,0,0,0,2,0,1,0,0,0,0,0,0,0,0,0.27,0.35,0.387,0.737,12,0.87,-0.16,0.035,
321,2021-09-15,SS,1,키움,승리, 2:13,7,3,1,5,3,0,0,0,0,0,0,0,0,0,1,1,0,0,0,0,0,0.267,0.351,0.383,0.734,17,0.37,0.98,0.006,
322,2021-09-16,SS,1,LG,승리, 0:2,7,3,1,3,2,0,1,0,0,0,1,1,0,0,1,0,0,0,0,0,0,0.269,0.354,0.384,0.738,18,0.74,1.35,0.086,
323,2021-09-17,SS,1,LG,승리, 4:6,7,3,1,3,3,0,1,0,0,0,1,0,0,0,0,0,0,1,1,0,0,0.27,0.354,0.383,0.737,10,0.65,-0.55,-0.015,
324,2021-09-18,SS,1,KT,패배, 8:1,7,3,1,4,4,0,1,0,0,0,1,0,0,0,0,0,0,0,0,0,0,0.269,0.353,0.381,0.734,14,0.35,-0.87,0.016,
325,2021-09-19,SS,1,KT,패배, 8:2,7,3,1,2,2,0,0,0,0,0,0,0,0,0,0,0,0,1,0,1,0,0.267,0.351,0.378,0.729,10,1.65,-0.97,-0.093,
326,2021-09-21,SS,0,두산,패배, 2:12,7,3,1,2,2,0,0,0,0,0,0,0,0,0,0,0,0,0,0,0,0,0.266,0.348,0.376,0.724,7,0.57,-0.53,-0.032,
327,2021-09-22,SS,0,두산,패배, 0:8,9,11,0,1,1,0,0,0,0,0,0,0,0,0,0,0,0,0,0,0,0,0.265,0.347,0.375,0.722,4,0.0,-0.19,0.0,
328,2021-09-23,SS,0,키움,패배, 1:4,6,3,1,4,4,0,0,0,0,0,0,0,0,0,0,0,0,2,0,0,0,0.261,0.343,0.369,0.712,25,0.72,-0.81,-0.074,
329,2021-09-24,SS,0,키움,패배, 2:3,7,3,1,3,3,1,1,0,0,0,1,0,1,0,0,0,0,0,0,1,0,0.262,0.343,0.369,0.712,16,1.81,-0.58,-0.088,
330,2021-09-25,SS,0,삼성,패배, 0:1,7,3,1,4,4,0,1,0,0,0,1,0,0,0,0,0,0,0,0,0,0,0.262,0.342,0.368,0.71,8,1.73,-0.83,-0.049,
331,2021-09-26,SS,0,삼성,패배, 0:1,6,3,1,4,4,0,1,0,0,0,1,0,0,0,0,0,0,1,0,0,0,0.261,0.341,0.366,0.707,15,1.08,-0.25,-0.038,
332,2021-09-28,SS,1,KIA,승리, 9:10,7,3,1,4,4,2,2,0,0,1,5,4,0,0,0,0,0,1,0,0,0,0.265,0.343,0.377,0.72,12,1.19,1.94,0.163,
333,2021-09-29,SS,1,KIA,승리, 1:4,7,3,1,2,2,0,0,0,0,0,0,0,0,0,0,0,0,0,0,0,0,0.263,0.341,0.375,0.716,4,0.46,-0.36,-0.024,
334,2021-09-30,SS,1,SSG,승리, 2:6,7,3,1,3,3,0,2,0,0,0,2,0,0,0,0,0,0,0,0,0,0,0.267,0.344,0.378,0.722,11,0.31,0.39,-0.001,
335,2021-10-01,SS,1,SSG,패배, 3:3,7,3,1,3,2,1,0,0,0,0,0,0,0,0,2,0,1,1,0,0,0,0.265,0.345,0.375,0.72,10,1.7,0.01,-0.001,
336,2021-10-02,SS,0,롯데,패배, 4:4,5,3,1,3,3,0,0,0,0,0,0,0,0,0,0,0,0,0,0,1,0,0.263,0.343,0.372,0.715,13,1.43,-0.98,-0.093,
337,2021-10-03,SS,0,롯데,패배, 7:11,5,3,1,4,4,0,0,0,0,0,0,0,0,0,0,0,0,0,0,0,0,0.259,0.339,0.367,0.706,13,0.97,-1.09,-0.099,
338,2021-10-05,SS,0,KT,패배, 4:4,9,3,0,2,2,0,1,0,0,0,1,0,0,0,0,0,0,1,0,0,0,0.261,0.34,0.368,0.708,6,1.57,-0.7,-0.085,
339,2021-10-06,SS,0,KT,승리, 4:2,6,3,1,3,1,0,0,0,0,0,0,0,0,0,2,0,0,0,0,0,0,0.26,0.342,0.367,0.709,15,0.98,0.47,0.042,
340,2021-10-07,SS,1,삼성,패배, 5:4,6,3,1,3,3,0,1,1,0,0,2,0,0,0,0,0,0,1,0,0,0,0.261,0.342,0.37,0.712,12,0.93,-0.38,-0.024,
341,2021-10-08,SS,1,삼성,승리, 0:6,2,3,1,5,4,2,2,0,0,1,5,1,0,0,1,0,0,0,0,0,0,0.263,0.346,0.38,0.726,23,0.62,1.02,0.013,
342,2021-10-10,SS,1,두산,승리, 1:5,6,3,1,4,4,0,1,0,0,0,1,0,0,0,0,0,0,1,1,0,0,0.263,0.345,0.379,0.724,17,0.45,-0.69,-0.021,
343,2021-10-12,SS,0,키움,패배, 2:13,2,3,1,4,4,1,2,0,0,0,2,0,0,0,0,0,0,1,0,0,0,0.266,0.346,0.38,0.726,11,0.54,-0.08,-0.001,
344,2021-10-13,SS,0,키움,패배, 2:8,6,3,1,4,3,1,0,0,0,0,0,0,0,0,1,0,0,1,0,0,0,0.264,0.345,0.377,0.722,20,0.38,-0.15,0.02,
345,2021-10-14,SS,0,키움,승리, 8:4,7,3,1,5,4,1,1,0,0,0,1,1,0,0,0,1,0,0,0,0,0,0.264,0.346,0.375,0.721,18,0.55,0.57,0.106,
346,2021-10-15,SS,0,두산,승리, 5:0,7,3,1,4,4,0,2,0,0,0,2,1,1,0,0,0,0,0,0,0,0,0.266,0.348,0.377,0.725,13,0.33,1.18,0.026,
347,2021-10-16,SS,1,LG,승리, 1:2,2,3,1,4,4,0,0,0,0,0,0,0,0,0,0,0,0,1,0,0,0,0.263,0.344,0.373,0.717,15,1.24,-0.98,-0.129,
348,2021-10-17,SS,1,LG,패배, 11:1,2,3,1,3,3,0,0,0,0,0,0,0,0,0,0,0,0,0,0,0,0,0.261,0.342,0.369,0.711,14,0.36,-0.55,-0.027,
349,2021-10-17,SS,1,LG,패배, 1:0,6,3,1,3,3,0,1,0,0,0,1,0,0,1,0,0,0,1,0,0,0,0.262,0.341,0.369,0.71,10,1.13,-0.42,-0.08,
350,2021-10-19,SS,1,KT,승리, 2:4,7,3,1,4,4,0,1,1,0,0,2,0,0,0,0,0,0,2,0,0,0,0.262,0.341,0.371,0.712,18,0.54,-0.75,-0.029,
351,2021-10-20,SS,0,SSG,패배, 7:7,2,3,1,5,3,0,0,0,0,0,0,0,0,0,2,0,0,1,0,0,0,0.259,0.341,0.368,0.709,22,0.64,-0.23,-0.017,
352,2021-10-22,SS,1,KIA,패배, 5:3,2,3,1,4,3,1,1,0,0,0,1,0,0,0,1,0,0,0,0,0,0,0.26,0.343,0.367,0.71,16,1.14,0.54,0.046,
353,2021-10-23,SS,1,KIA,패배, 7:4,2,3,1,5,4,0,0,0,0,0,0,1,0,0,1,0,0,0,0,0,0,0.257,0.341,0.363,0.704,23,1.43,-0.38,-0.116,
354,2021-10-23,SS,1,KIA,승리, 2:5,2,3,1,5,5,1,2,0,0,0,2,0,0,0,0,0,0,0,0,0,0,0.259,0.342,0.364,0.706,17,1.31,-0.6,0.065,
355,2021-10-24,SS,1,KIA,승리, 1:4,2,3,1,4,4,0,0,0,0,0,0,0,0,0,0,0,0,1,0,0,0,0.256,0.339,0.36,0.699,18,1.42,-1.65,-0.148,
356,2021-10-26,SS,1,SSG,패배, 7:5,6,3,1,4,4,0,0,0,0,0,0,0,0,0,0,0,0,0,0,0,0,0.254,0.336,0.356,0.692,19,0.55,-0.66,-0.056,
357,2021-10-27,SS,0,KT,승리, 9:6,7,3,1,5,5,0,0,0,0,0,0,0,0,0,0,0,0,1,0,0,0,0.251,0.332,0.352,0.684,16,0.26,-0.26,-0.035,
358,2021-10-28,SS,0,KT,패배, 2:5,6,3,0,1,1,0,0,0,0,0,0,0,0,0,0,0,0,0,0,0,0,0.248,0.328,0.348,0.676,2,1.45,-0.26,-0.037,
359,2021-10-28,SS,0,KT,패배, 1:1,7,3,1,4,4,0,0,0,0,0,0,0,0,0,0,0,0,1,0,0,0,0.248,0.329,0.348,0.677,15,1.33,-0.89,-0.133,
360,2021-10-29,SS,1,삼성,승리, 1:3,6,3,1,3,3,0,1,1,0,0,2,0,0,0,0,0,0,1,0,0,0,0.248,0.328,0.35,0.678,9,0.43,-0.13,-0.016,
361,2021-10-30,SS,1,삼성,패배, 11:5,7,3,1,4,3,1,1,0,0,0,1,0,0,0,1,0,0,0,1,0,0,0.249,0.33,0.35,0.68,15,0.89,-0.61,-0.046,
362,2022-04-03,SS,1,한화,승리, 0:1,9,11,0,1,1,0,0,0,0,0,0,0,0,0,0,0,0,0,0,0,0,0.0,0.0,0.0,0.0,8,1.1,-0.31,-0.031,before
363,2022-04-05,SS,1,삼성,패배, 6:5,8,11,0,1,1,1,1,0,0,0,1,0,0,0,0,0,0,0,0,0,0,0.5,0.5,0.5,1.0,6,1.54,0.41,0.068,before
364,2022-04-06,SS,1,삼성,패배, 7:1,3,11,0,1,1,1,1,0,0,1,4,1,0,0,0,0,0,0,0,0,0,0.667,0.667,1.667,2.334,5,0.02,1.0,0.001,before
365,2022-04-07,SS,1,삼성,승리, 5:6,5,9,1,5,3,0,1,0,0,0,1,1,0,0,1,1,0,0,0,0,0,0.5,0.625,1.0,1.625,19,2.28,0.75,0.231,before
366,2022-04-08,SS,0,롯데,승리, 6:1,5,9,1,3,2,0,0,0,0,0,0,0,1,0,1,0,0,1,0,0,0,0.375,0.545,0.75,1.295,16,0.49,1.17,0.06,before
367,2022-04-09,SS,0,롯데,패배, 4:5,3,3,0,2,2,0,1,0,0,0,1,2,0,0,0,0,0,1,0,0,0,0.4,0.538,0.7,1.238,6,1.77,1.42,0.112,before
368,2022-04-10,SS,0,롯데,승리, 4:3,5,3,1,5,5,0,0,0,0,0,0,0,0,0,0,0,0,1,1,0,0,0.267,0.389,0.467,0.856,20,2.52,-2.47,-0.415,before
369,2022-04-12,SS,0,KT,승리, 3:1,7,3,1,4,4,0,2,1,0,0,3,2,0,0,0,0,0,1,0,0,0,0.316,0.409,0.526,0.935,14,1.0,1.24,0.171,before
370,2022-04-14,SS,0,KT,승리, 5:4,6,3,1,4,3,1,2,0,0,0,2,0,0,0,2,0,1,0,0,0,0,0.364,0.481,0.545,1.026,16,2.08,1.13,0.114,before
371,2022-04-15,SS,1,키움,패배, 4:2,6,3,1,4,3,0,0,0,0,0,0,0,0,0,1,0,0,2,0,0,0,0.32,0.452,0.48,0.932,19,1.93,0.58,-0.004,before
372,2022-04-16,SS,1,키움,승리, 1:4,3,3,1,4,4,0,1,1,0,0,2,1,0,0,0,0,0,2,0,0,0,0.31,0.429,0.483,0.912,17,0.96,-0.26,-0.03,before
373,2022-04-17,SS,1,키움,패배, 6:2,5,3,1,5,3,1,0,0,0,0,0,0,1,0,2,0,0,0,0,0,0,0.281,0.425,0.438,0.863,19,0.92,0.58,0.066,before
374,2022-04-19,SS,0,KIA,패배, 3:6,6,9,1,3,3,0,1,0,0,0,1,0,0,0,0,0,0,0,0,0,0,0.286,0.419,0.429,0.848,11,1.31,-0.22,-0.042,before
375,2022-04-20,SS,0,KIA,승리, 4:3,5,9,1,3,3,0,0,0,0,0,0,0,0,0,0,0,0,2,0,0,0,0.263,0.391,0.395,0.786,11,1.38,-0.88,-0.102,before
376,2022-04-23,SS,1,LG,승리, 2:4,9,11,0,1,0,0,0,0,0,0,0,0,0,0,0,1,0,0,0,0,0,0.263,0.404,0.395,0.799,1,0.56,0.25,0.006,before
377,2022-04-26,SS,1,NC,승리, 4:8,6,3,1,4,3,1,0,0,0,0,0,0,0,0,1,0,0,0,0,0,0,0.244,0.392,0.366,0.758,12,0.52,-0.39,0.002,before
378,2022-04-27,SS,1,NC,승리, 5:6,6,3,1,3,3,0,0,0,0,0,0,0,0,0,0,0,0,1,0,0,0,0.227,0.37,0.341,0.711,13,0.65,-0.68,-0.05,before
379,2022-04-28,SS,1,NC,패배, 9:5,2,7,0,2,2,0,0,0,0,0,0,0,0,0,0,0,0,2,0,0,0,0.217,0.357,0.326,0.683,17,0.82,-0.72,-0.045,before
380,2022-04-30,SS,0,SSG,패배, 1:2,6,3,1,4,3,0,1,0,0,0,1,0,1,0,1,0,0,0,0,0,0,0.224,0.367,0.327,0.694,14,1.42,-0.41,-0.055,before
381,2022-05-03,SS,0,LG,패배, 3:4,3,3,0,0,0,0,0,0,0,0,0,0,0,0,0,0,0,0,0,0,0,0.224,0.367,0.327,0.694,0,,,,before
382,2022-05-04,SS,0,LG,승리, 5:2,9,3,0,3,2,0,0,0,0,0,0,0,0,0,1,0,0,0,0,0,0,0.216,0.365,0.314,0.679,9,0.41,-0.16,-0.027,before
383,2022-05-05,SS,0,LG,승리, 9:4,9,3,1,3,3,0,1,0,0,0,1,0,0,0,0,0,0,0,1,1,0,0.222,0.364,0.315,0.679,13,0.51,-0.96,-0.04,before
384,2022-05-06,SS,1,KT,패배, 6:0,9,3,1,3,3,0,0,0,0,0,0,0,0,0,0,0,0,2,0,0,0,0.211,0.348,0.298,0.646,10,0.6,-0.51,-0.046,before
385,2022-05-07,SS,1,KT,승리, 8:11,8,3,1,4,4,1,1,0,0,0,1,0,0,0,0,0,0,1,0,0,0,0.213,0.342,0.295,0.637,19,1.14,-0.14,-0.122,before
386,2022-05-08,SS,1,KT,패배, 5:0,7,3,1,3,3,0,0,0,0,0,0,0,0,0,0,0,0,0,0,0,0,0.203,0.329,0.281,0.61,12,0.86,-0.68,-0.065,before
387,2022-05-10,SS,0,키움,승리, 9:0,2,3,0,1,1,1,0,0,0,0,0,0,0,0,0,0,0,0,0,0,0,0.2,0.325,0.277,0.602,2,0.2,1.47,0.012,before
388,2022-05-11,SS,0,키움,승리, 5:1,2,3,0,0,0,0,0,0,0,0,0,0,0,0,0,0,0,0,0,0,0,0.2,0.325,0.277,0.602,0,,,,before
389,2022-05-12,SS,0,키움,승리, 3:2,2,3,0,0,0,0,0,0,0,0,0,0,0,0,0,0,0,0,0,0,0,0.2,0.325,0.277,0.602,0,,,,before
390,2022-05-14,SS,0,삼성,패배, 0:4,5,11,0,1,1,0,0,0,0,0,0,0,0,0,0,0,0,0,0,0,0,0.197,0.321,0.273,0.594,6,0.41,-0.34,-0.011,before
391,2022-06-19,SS,1,KT,패배, 7:1,7,7,1,2,2,0,0,0,0,0,0,0,0,0,0,0,0,0,0,0,0,0.191,0.313,0.265,0.578,8,0.81,-0.47,-0.023,before
392,2022-06-21,SS,0,SSG,승리, 16:2,3,3,0,1,1,0,0,0,0,0,0,0,0,0,0,0,0,0,0,0,0,0.188,0.309,0.261,0.57,1,0.0,-0.09,0.0,before
393,2022-06-24,SS,1,KIA,패배, 4:3,8,11,0,1,1,0,0,0,0,0,0,0,0,0,0,0,0,0,0,0,0,0.186,0.305,0.257,0.562,4,3.44,-0.35,-0.048,before
394,2022-07-26,SS,1,롯데,승리, 1:6,7,9,1,2,2,0,0,0,0,0,0,0,0,0,0,0,0,1,0,0,0,0.181,0.298,0.25,0.548,7,0.48,-1.2,-0.045,before
395,2022-07-27,SS,1,롯데,승리, 5:6,4,7,0,0,0,0,0,0,0,0,0,0,0,0,0,0,0,0,0,0,0,0.181,0.298,0.25,0.548,0,,,,before
396,2022-07-28,SS,1,롯데,승리, 5:8,8,9,1,3,2,0,0,0,0,0,0,1,1,0,1,0,0,0,0,0,0,0.176,0.299,0.243,0.542,13,0.71,0.43,0.049,before
397,2022-09-02,SS,1,롯데,패배, 16:4,3,3,0,2,2,0,0,0,0,0,0,0,0,0,0,0,0,2,0,0,0,0.171,0.292,0.237,0.529,8,0.16,-0.9,-0.008,before
398,2022-09-03,SS,1,삼성,패배, 4:1,7,9,0,1,1,0,0,0,0,0,0,0,0,0,0,0,0,0,0,0,0,0.169,0.289,0.234,0.523,4,0.91,-0.25,-0.023,before
399,2022-09-07,SS,0,NC,패배, 5:16,1,7,0,2,2,0,0,0,0,0,0,0,0,0,0,0,0,1,0,0,0,0.165,0.283,0.228,0.511,9,0.06,-0.42,-0.003,before
400,2022-09-08,SS,1,한화,패배, 5:4,2,11,0,1,1,0,0,0,0,0,0,0,0,0,0,0,0,0,0,0,0,0.163,0.28,0.225,0.505,4,3.49,-0.2,-0.098,before
401,2022-09-09,SS,1,한화,승리, 0:11,5,3,0,0,0,0,0,0,0,0,0,0,0,0,0,0,0,0,0,0,0,0.163,0.28,0.225,0.505,0,,,,before
402,2023-04-29,SS,0,SSG,패배, 4:10,3,3,0,1,1,0,0,0,0,0,0,0,0,0,0,0,0,0,0,0,0,0.0,0.0,0.0,0.0,2,0.03,-0.26,-0.001,before
403,2023-05-03,SS,1,한화,패배, 8:3,2,11,0,1,1,0,0,0,0,0,0,0,0,0,0,0,0,0,0,0,0,0.0,0.0,0.0,0.0,4,0.03,-0.26,-0.001,before
404,2023-05-04,SS,1,한화,패배, 10:3,3,3,0,1,1,0,1,0,0,0,1,0,0,0,0,0,0,0,0,0,0,0.333,0.333,0.333,0.666,6,0.0,0.12,0.0,before
405,2023-05-25,SS,1,LG,패배, 8:3,8,11,0,1,1,0,0,0,0,0,0,0,0,0,0,0,0,0,0,0,0,0.25,0.25,0.25,0.5,5,0.2,-0.26,-0.005,after
406,2023-05-26,SS,0,두산,승리, 14:3,8,3,0,3,3,0,1,0,0,0,1,2,0,0,0,0,0,1,0,0,0,0.286,0.286,0.286,0.572,10,0.26,1.12,0.014,after
407,2023-05-30,SS,1,삼성,승리, 2:3,8,3,1,3,3,0,0,0,0,0,0,0,0,0,0,0,0,0,1,0,0,0.2,0.2,0.2,0.4,6,0.67,-1.54,-0.07,after
408,2023-05-31,SS,1,삼성,패배, 3:2,9,10,1,4,3,0,1,0,0,0,1,0,0,0,1,0,0,2,0,0,0,0.231,0.286,0.231,0.517,19,2.24,0.53,-0.006,after
409,2023-06-01,SS,1,삼성,승리, 2:14,5,9,0,1,1,0,0,0,0,0,0,0,0,0,0,0,0,1,0,0,0,0.214,0.267,0.214,0.481,4,0.0,-0.1,0.0,after
410,2023-06-02,SS,1,키움,승리, 2:3,2,10,0,1,1,0,0,0,0,0,0,0,0,0,0,0,0,0,0,0,0,0.2,0.25,0.2,0.45,5,4.74,-0.48,-0.122,after
411,2023-06-06,SS,0,KIA,승리, 2:1,8,3,1,3,3,0,0,0,0,0,0,0,0,0,0,0,0,1,1,0,0,0.167,0.211,0.167,0.378,20,0.97,-1.04,-0.098,after
412,2023-06-07,SS,0,KIA,승리, 9:8,9,3,1,4,4,1,1,1,0,0,2,0,0,0,0,0,0,2,0,0,0,0.182,0.217,0.227,0.444,11,0.71,0.1,0.019,after
413,2023-06-09,SS,0,NC,패배, 2:5,9,11,0,1,1,0,1,0,0,0,1,0,0,0,0,0,0,0,0,0,0,0.217,0.25,0.261,0.511,1,0.59,0.26,0.027,after
414,2023-06-10,SS,0,NC,패배, 0:7,3,9,0,1,1,0,0,0,0,0,0,0,0,0,0,0,0,0,0,0,0,0.208,0.24,0.25,0.49,2,0.03,-0.26,-0.001,after
415,2023-06-11,SS,0,NC,패배, 4:8,8,11,0,1,1,0,0,0,0,0,0,0,0,0,0,0,0,1,0,0,0,0.2,0.231,0.24,0.471,4,0.17,-0.17,-0.004,after
416,2023-06-13,SS,1,KT,승리, 1:8,9,11,0,1,1,0,1,1,0,0,2,1,0,0,0,0,0,0,0,0,0,0.231,0.259,0.308,0.567,2,0.33,1.0,0.03,after
417,2023-06-14,SS,1,KT,패배, 14:4,7,7,1,4,4,1,1,0,0,1,4,2,0,0,0,0,0,3,0,0,0,0.233,0.258,0.4,0.658,19,0.92,-0.29,-0.058,after
418,2023-06-15,SS,1,KT,패배, 7:3,7,3,1,3,3,0,0,0,0,0,0,0,0,0,0,0,0,0,0,0,0,0.212,0.235,0.364,0.599,13,0.82,-0.59,-0.062,after
419,2023-06-16,SS,1,롯데,승리, 1:12,3,7,0,1,1,0,0,0,0,0,0,0,0,0,0,0,0,0,0,0,0,0.206,0.229,0.353,0.582,4,0.0,-0.17,0.0,after
420,2023-06-17,SS,1,롯데,승리, 5:8,8,11,0,2,1,0,1,0,0,0,1,0,0,0,1,0,0,0,0,0,0,0.229,0.27,0.371,0.641,12,0.48,0.53,0.03,after
421,2023-06-18,SS,1,롯데,패배, 7:2,7,3,1,3,3,0,0,0,0,0,0,0,0,0,0,0,0,0,0,0,0,0.211,0.25,0.342,0.592,9,0.59,-0.58,-0.049,after
422,2023-06-21,SS,0,두산,승리, 3:1,6,3,0,3,2,0,1,1,0,0,2,0,0,0,0,1,0,0,0,0,0,0.225,0.279,0.375,0.654,11,0.9,0.05,-0.072,after
423,2023-06-22,SS,0,두산,승리, 5:3,6,3,1,5,4,0,4,1,0,0,5,2,0,0,1,0,0,0,0,0,0,0.295,0.354,0.455,0.809,19,0.98,3.59,0.296,after
424,2023-06-23,SS,1,삼성,승리, 0:6,6,3,1,3,3,0,0,0,0,0,0,0,0,0,0,0,0,1,0,0,0,0.277,0.333,0.426,0.759,13,0.28,-0.65,-0.021,after
425,2023-06-24,SS,1,삼성,승리, 10:13,6,3,1,2,2,0,0,0,0,0,0,0,0,0,0,0,0,0,0,0,0,0.265,0.321,0.408,0.729,5,1.1,-0.65,-0.056,after
426,2023-06-25,SS,1,삼성,패배, 5:2,8,11,0,1,1,0,0,0,0,0,0,0,0,0,0,0,0,0,0,0,0,0.26,0.315,0.4,0.715,4,1.18,-0.32,-0.03,after
427,2023-06-27,SS,1,LG,패배, 14:0,4,7,0,1,1,0,0,0,0,0,0,0,0,0,0,0,0,0,0,0,0,0.255,0.309,0.392,0.701,6,0.0,-0.26,0.0,after
428,2023-06-30,SS,0,키움,승리, 7:3,9,7,0,0,0,1,0,0,0,0,0,0,0,0,0,0,0,0,0,0,0,0.255,0.309,0.392,0.701,0,,,,after
429,2023-07-01,SS,0,키움,패배, 3:6,6,3,1,4,4,1,2,1,0,0,3,0,0,0,0,0,0,0,0,0,0,0.273,0.322,0.418,0.74,21,1.11,0.28,-0.086,after
430,2023-07-02,SS,0,키움,승리, 9:5,8,3,1,4,3,0,2,0,1,0,4,3,0,0,1,0,0,0,0,1,0,0.293,0.349,0.466,0.815,15,1.44,2.37,0.087,after
431,2023-07-05,SS,1,KIA,패배, 17:3,6,3,1,4,4,0,1,0,0,0,1,0,0,0,0,0,0,1,0,0,0,0.29,0.343,0.452,0.795,14,0.79,-0.19,0.054,after
432,2023-07-06,SS,1,KIA,패배, 7:6,6,3,1,5,5,1,3,1,0,0,4,0,0,0,0,0,0,0,0,0,0,0.313,0.361,0.478,0.839,13,1.21,1.88,-0.07,after
433,2023-07-08,SS,0,한화,승리, 9:7,6,3,1,4,3,1,1,0,0,0,1,0,0,0,0,1,0,0,0,0,0,0.314,0.368,0.471,0.839,15,0.3,-0.04,-0.011,after
434,2023-07-09,SS,0,한화,패배, 0:7,6,3,1,4,2,0,0,0,0,0,0,0,0,0,1,1,0,1,0,0,0,0.306,0.375,0.458,0.833,12,0.48,1.27,-0.001,after
435,2023-07-12,SS,1,두산,패배, 4:1,3,3,1,4,4,0,0,0,0,0,0,0,0,0,0,0,0,0,0,0,0,0.289,0.357,0.434,0.791,17,0.65,-0.69,-0.066,after
436,2023-07-21,SS,0,LG,승리, 6:4,9,3,1,2,2,0,0,0,0,0,0,0,0,0,0,0,0,0,0,0,0,0.282,0.349,0.423,0.772,6,1.02,-0.47,-0.054,after
437,2023-07-26,SS,0,삼성,승리, 8:7,9,3,1,4,4,1,2,0,0,1,5,2,0,0,0,0,0,0,0,0,0,0.293,0.356,0.463,0.819,18,1.32,1.61,0.178,after
438,2023-07-28,SS,1,한화,패배, 4:3,8,3,1,3,3,0,0,0,0,0,0,0,0,0,0,0,0,1,0,0,0,0.282,0.344,0.447,0.791,10,1.26,-0.85,-0.106,after
439,2023-08-02,SS,0,KT,패배, 0:1,9,11,0,1,1,0,0,0,0,0,0,0,0,0,0,0,0,0,0,0,0,0.279,0.34,0.442,0.782,8,4.05,-0.38,-0.113,after
440,2023-08-08,SS,1,NC,패배, 2:0,9,11,0,1,1,0,0,0,0,0,0,0,0,0,0,0,0,0,0,0,0,0.276,0.337,0.437,0.774,2,1.83,-0.26,-0.047,after
441,2023-08-09,SS,1,NC,승리, 1:2,3,3,1,4,4,0,0,0,0,0,0,0,0,0,0,0,0,0,0,0,0,0.264,0.323,0.418,0.741,15,1.17,-1.43,-0.121,after
442,2023-08-15,SS,0,롯데,패배, 6:10,6,11,0,1,1,0,0,0,0,0,0,0,0,0,0,0,0,0,0,0,0,0.261,0.32,0.413,0.733,3,0.41,-0.54,-0.011,after
443,2023-08-16,SS,0,롯데,패배, 4:7,8,3,1,4,4,1,4,0,0,1,7,2,0,0,0,0,0,0,0,0,0,0.292,0.346,0.469,0.815,10,0.86,2.19,0.208,after
444,2023-08-17,SS,0,롯데,패배, 4:15,3,3,1,4,4,0,2,0,0,0,2,1,0,0,0,0,0,0,0,0,0,0.3,0.352,0.47,0.822,14,1.06,1.6,0.15,after
445,2023-08-18,SS,1,LG,패배, 8:4,5,3,1,5,4,0,0,0,0,0,0,1,0,0,0,0,0,1,0,0,1,0.288,0.336,0.452,0.788,23,1.5,-1.2,-0.161,after
446,2023-08-19,SS,1,LG,패배, 11:2,6,3,1,4,4,0,1,0,0,0,1,1,0,0,0,0,0,0,0,0,0,0.287,0.333,0.444,0.777,10,1.72,-0.97,-0.098,after
447,2023-08-20,SS,1,LG,승리, 1:2,6,7,1,4,3,1,3,0,0,0,3,0,0,0,1,0,0,0,0,0,0,0.306,0.355,0.459,0.814,17,1.68,1.45,0.334,after
448,2023-08-24,SS,1,NC,승리, 4:7,6,7,1,3,3,0,0,0,0,0,0,0,0,0,0,0,0,0,0,0,0,0.298,0.347,0.447,0.794,10,0.48,-0.83,-0.035,after
449,2023-08-25,SS,0,두산,패배, 1:10,1,10,0,1,1,0,0,0,0,0,0,0,0,0,0,0,0,0,0,0,0,0.296,0.344,0.443,0.787,2,0.17,-0.49,-0.004,after
450,2023-08-26,SS,0,두산,승리, 7:5,7,7,1,3,3,0,0,0,0,0,0,0,0,0,0,0,0,1,0,0,0,0.288,0.336,0.432,0.768,10,1.51,-1.62,-0.129,after
451,2023-08-30,SS,1,키움,승리, 7:11,8,3,1,5,5,1,1,0,0,0,1,0,0,0,0,0,0,0,0,0,0,0.285,0.331,0.423,0.754,13,0.26,-0.43,0.017,after
452,2023-09-01,SS,1,KIA,패배, 10:2,7,3,1,2,2,0,0,0,0,0,0,0,0,0,0,0,0,0,0,0,0,0.28,0.326,0.416,0.742,7,0.48,-0.36,-0.025,after
453,2023-09-02,SS,1,KIA,패배, 12:4,1,11,0,1,1,0,0,0,0,0,0,0,0,0,0,0,0,0,0,0,0,0.278,0.324,0.413,0.737,2,0.0,-0.21,0.0,after
454,2023-09-03,SS,1,KIA,패배, 8:6,3,7,1,2,2,0,0,0,0,0,0,0,0,0,0,0,0,0,0,0,0,0.273,0.319,0.406,0.725,5,0.75,-0.38,-0.04,after
455,2023-09-06,SS,0,한화,패배, 5:6,9,11,0,1,1,0,0,0,0,0,0,0,0,0,0,0,0,1,0,0,0,0.271,0.317,0.403,0.72,5,3.66,-0.37,-0.103,after
456,2023-09-08,SS,0,KT,패배, 7:16,1,10,0,1,1,0,0,0,0,0,0,0,0,0,0,0,0,1,0,0,0,0.269,0.314,0.4,0.714,7,0.0,-0.1,0.0,after
457,2023-09-14,SS,0,두산,패배, 2:3,6,3,1,2,2,0,0,0,0,0,0,0,0,0,0,0,0,1,0,0,0,0.265,0.31,0.394,0.704,10,0.75,-0.42,-0.037,after
458,2023-09-16,SS,0,LG,패배, 4:10,4,11,0,1,1,0,0,0,0,0,0,0,0,0,0,0,0,0,0,0,0,0.263,0.308,0.391,0.699,2,0.36,-0.37,-0.007,after
459,2023-10-17,SS,1,두산,승리, 0:5,1,11,0,1,1,0,0,0,0,0,0,0,0,0,0,0,0,0,0,0,0,0.261,0.306,0.388,0.694,2,0.03,-0.38,-0.001,after
460,2024-03-28,SS,1,한화,패배, 10:6,9,11,0,1,1,0,0,0,0,0,0,0,0,0,0,0,0,0,0,0,0,0.0,0.0,0.0,0.0,6,0.31,-0.13,-0.008,after
461,2024-03-29,SS,0,삼성,승리, 6:4,6,10,1,4,4,0,1,0,0,0,1,0,0,0,0,0,0,0,0,0,0,0.2,0.2,0.2,0.4,10,0.45,-0.25,-0.009,after
462,2024-03-30,SS,0,삼성,승리, 9:6,6,10,1,4,4,1,1,0,0,0,1,2,0,0,0,0,0,2,0,1,0,0.222,0.222,0.222,0.444,14,0.98,0.41,0.119,after
463,2024-04-05,SS,0,NC,패배, 0:5,6,3,1,3,3,0,0,0,0,0,0,0,0,0,0,0,0,2,0,0,0,0.167,0.167,0.167,0.334,10,0.21,-0.51,-0.017,after
464,2024-04-06,SS,0,NC,패배, 3:16,4,7,0,2,2,1,0,0,0,0,0,0,0,0,0,0,0,0,0,0,0,0.143,0.143,0.143,0.286,9,0.01,0.25,0.0,after
465,2024-04-07,SS,0,NC,패배, 1:10,9,11,0,1,1,0,0,0,0,0,0,0,0,0,0,0,0,1,0,0,0,0.133,0.133,0.133,0.266,3,0.0,-0.25,0.0,after
466,2024-05-19,SS,0,키움,패배, 3:10,1,11,0,1,1,0,0,0,0,0,0,0,0,0,0,0,0,0,0,0,0,0.125,0.125,0.125,0.25,1,0.03,-0.29,-0.001,after
467,2024-05-21,SS,0,두산,패배, 6:8,2,11,0,1,0,1,0,0,0,0,0,0,0,0,1,0,0,0,0,0,0,0.125,0.176,0.125,0.301,6,0.06,0.56,0.003,after
468,2024-05-22,SS,0,두산,패배, 1:3,5,10,0,1,1,0,0,0,0,0,0,0,0,0,0,0,0,0,0,0,0,0.118,0.167,0.118,0.285,4,1.85,-0.29,-0.047,after
469,2024-05-23,SS,0,두산,패배, 3:10,7,10,1,2,1,1,0,0,0,0,0,0,0,0,1,0,0,0,0,0,0,0.111,0.2,0.111,0.311,9,0.5,0.15,-0.02,after
470,2024-05-24,SS,1,한화,패배, 7:5,9,11,0,1,1,0,1,0,0,0,1,0,0,0,0,0,0,0,0,0,0,0.158,0.238,0.158,0.396,5,2.26,0.86,0.073,after
471,2024-05-25,SS,1,한화,패배, 4:2,8,11,0,1,1,0,1,0,0,0,1,0,0,0,0,0,0,0,0,0,0,0.2,0.273,0.2,0.473,4,1.91,0.44,0.077,after
472,2024-05-28,SS,1,LG,패배, 7:5,9,11,0,1,1,0,0,0,0,0,0,0,0,0,0,0,0,0,0,0,0,0.19,0.261,0.19,0.451,2,0.17,-0.19,-0.004,after
473,2024-05-29,SS,1,LG,패배, 13:4,1,3,0,1,1,0,0,0,0,0,0,0,0,0,0,0,0,0,0,0,0,0.182,0.25,0.182,0.432,5,0.01,-0.29,0.0,after
474,2024-06-01,SS,0,키움,승리, 9:0,7,10,1,4,3,0,1,0,0,0,1,0,0,0,1,0,0,0,0,0,0,0.2,0.286,0.2,0.486,10,0.3,0.26,0.033,after
475,2024-06-05,SS,1,삼성,승리, 3:7,6,10,1,2,2,0,0,0,0,0,0,0,0,0,0,0,0,0,0,0,0,0.185,0.267,0.185,0.452,5,0.49,-0.25,-0.025,after
